Id,Area,Bedrooms,Bathrooms,Floors,YearBuilt,Location,Condition,Garage,Price
1,2098,4,3,1,1982,Rural,Fair,Yes,292038
2,2035,3,3,3,1950,Downtown,Poor,Yes,338696
3,500,1,2,1,1992,Industrial,Poor,Yes,90522
4,914,3,3,2,2011,Urban,Poor,No,284342
5,805,1,1,1,1985,Rural,Fair,Yes,102960
6,2139,4,3,2,1962,Suburban,Good,No,372138
7,1931,5,3,1,1968,Industrial,Good,No,289388
8,3204,7,4,2,1993,Countryside,Poor,No,429862
9,1393,2,2,2,2013,Urban,Good,No,408127
10,2197,5,4,1,1998,Seaside,Fair,Yes,592118
11,2300,4,2,2,2014,Suburban,Fair,Yes,479780
12,1709,3,4,2,2006,Downtown,Excellent,Yes,592934
13,2686,4,2,2,1982,Suburban,Fair,Yes,444184
14,1736,3,3,2,1994,Mountain,Good,Yes,402577
15,1646,4,4,2,1952,Industrial,Fair,Yes,208896
16,1142,2,1,1,2006,Downtown,Fair,No,313750
17,648,1,1,1,2004,Seaside,Poor,Yes,168815
18,2660,5,4,2,2007,Mountain,Good,Yes,806392
19,1318,3,3,2,1975,Urban,Poor,Yes,347735
20,853,2,1,2,1972,Rural,Poor,Yes,106416
21,1248,4,2,1,1977,Mountain,Fair,No,331080
22,1424,4,3,1,2025,Seaside,Excellent,No,499989
23,935,1,2,2,2019,Industrial,Excellent,No,220183
24,5558,7,5,3,1992,Seaside,Excellent,Yes,1802580
25,3811,7,6,1,2013,Seaside,Excellent,Yes,1374360
26,2050,4,3,2,2007,Seaside,Fair,No,332074
27,2525,5,4,2,1985,Countryside,Fair,Yes,446848
28,1793,3,4,2,2023,Countryside,Good,No,354147
29,928,1,1,1,1987,Industrial,Poor,No,111816
30,1111,2,1,1,2017,Urban,Good,Yes,428024
31,2343,5,5,3,2004,Urban,Good,Yes,657163
32,1700,3,4,1,2007,Industrial,Good,Yes,253141
33,3188,4,3,2,1964,Seaside,Fair,Yes,480477
34,2379,3,4,2,2017,Industrial,Good,Yes,333059
35,2618,7,4,2,2015,Mountain,Good,Yes,830329
36,1360,2,2,2,1971,Suburban,Poor,Yes,202172
37,2859,6,3,3,2013,Mountain,Good,Yes,795562
38,1851,3,2,1,1975,Mountain,Poor,No,244221
39,1657,3,3,2,1983,Seaside,Fair,Yes,544642
40,1801,4,3,2,2022,Suburban,Poor,Yes,380284
41,926,2,1,2,1976,Industrial,Fair,No,111672
42,1113,2,1,1,1965,Suburban,Fair,Yes,228926
43,2330,3,4,2,1978,Countryside,Fair,No,292506
44,1745,5,4,2,2006,Rural,Excellent,Yes,401152
45,2566,5,5,3,2001,Countryside,Good,Yes,478860
46,2179,4,3,2,1976,Downtown,Poor,No,255745
47,1637,5,5,2,2009,Countryside,Poor,Yes,259622
48,935,3,3,1,2021,Suburban,Fair,Yes,288621
49,2385,3,2,1,2014,Downtown,Excellent,No,680834
50,936,1,2,1,2004,Seaside,Excellent,Yes,355591
51,2492,5,5,2,1998,Mountain,Fair,Yes,531913
52,1188,3,3,1,2000,Seaside,Poor,Yes,331946
53,1993,4,3,2,1998,Urban,Poor,Yes,357088
54,2615,7,4,2,1967,Countryside,Excellent,Yes,590047
55,2084,4,3,2,2002,Countryside,Good,Yes,421215
56,2020,5,3,2,1977,Countryside,Fair,Yes,354791
57,525,2,1,2,2025,Seaside,Poor,Yes,181189
58,2836,4,2,1,2022,Rural,Excellent,Yes,419775
59,2220,5,3,1,1998,Urban,Fair,No,459005
60,2623,5,5,2,1971,Urban,Fair,Yes,550869
61,686,2,1,2,1970,Industrial,Fair,Yes,94392
62,4785,7,5,1,1991,Seaside,Excellent,Yes,1601600
63,1868,5,4,2,2019,Urban,Good,Yes,770983
64,2638,6,5,3,2008,Suburban,Fair,Yes,543598
65,1090,4,3,1,2015,Downtown,Fair,Yes,272430
66,2381,4,4,2,1972,Countryside,Excellent,Yes,582138
67,2473,3,2,1,1979,Mountain,Fair,Yes,364973
68,2136,4,4,2,2024,Countryside,Fair,Yes,333764
69,1481,2,1,1,2002,Suburban,Good,Yes,300171
70,1166,1,1,1,1982,Rural,Poor,Yes,128952
71,2310,4,2,2,1998,Seaside,Fair,Yes,497401
72,2868,4,2,1,2011,Mountain,Good,Yes,694590
73,1723,4,3,1,1998,Suburban,Good,No,329025
74,1845,3,3,2,1997,Urban,Fair,Yes,393010
75,3224,6,4,2,1992,Seaside,Good,Yes,1027606
76,1793,3,4,1,1987,Seaside,Poor,Yes,283432
77,1444,2,2,1,2004,Industrial,Good,No,169672
78,1904,5,3,2,2003,Seaside,Good,No,610285
79,3025,4,3,2,1994,Rural,Poor,Yes,408391
80,2908,6,3,2,2021,Countryside,Good,Yes,589548
81,1283,2,2,1,2016,Urban,Fair,Yes,321826
82,1756,4,3,1,2018,Downtown,Excellent,Yes,603620
83,1901,3,2,2,2006,Industrial,Good,No,253903
84,2257,5,3,2,2009,Seaside,Fair,No,559553
85,2520,5,4,2,1993,Mountain,Fair,Yes,523950
86,694,1,1,1,1961,Industrial,Poor,Yes,94968
87,1275,3,3,2,2019,Downtown,Excellent,Yes,554234
88,2382,3,3,2,2003,Suburban,Fair,No,440586
89,1638,4,2,1,2012,Suburban,Poor,Yes,255478
90,2823,5,5,3,1996,Seaside,Fair,Yes,760125
91,1908,4,2,2,2021,Downtown,Excellent,Yes,1040821
92,1438,2,1,1,2017,Rural,Good,Yes,303680
93,1833,4,3,1,1995,Downtown,Good,No,586655
94,1673,5,5,2,2003,Rural,Fair,Yes,264423
95,1124,2,2,1,2020,Urban,Good,Yes,369603
96,1396,3,4,2,2006,Seaside,Poor,No,273809
97,3344,4,3,2,2019,Industrial,Good,Yes,461691
98,2451,4,3,2,2005,Seaside,Fair,Yes,558832
99,1093,2,2,2,1998,Suburban,Good,Yes,312302
100,2533,4,2,2,2007,Urban,Good,Yes,452890
101,1066,2,1,2,2018,Rural,Excellent,No,255381
102,1634,3,2,2,2013,Countryside,Poor,Yes,202061
103,720,1,1,1,1961,Rural,Fair,Yes,96840
104,1514,4,3,2,1987,Suburban,Good,Yes,471253
105,1777,5,4,2,1958,Seaside,Good,No,564290
106,984,2,2,1,2020,Suburban,Fair,Yes,235970
107,822,2,2,2,1986,Suburban,Poor,Yes,189305
108,2346,3,3,2,2006,Urban,Fair,Yes,463977
109,1425,2,2,1,2008,Suburban,Poor,No,215979
110,2294,4,3,3,1999,Industrial,Excellent,Yes,411862
111,2164,3,3,2,1995,Suburban,Fair,Yes,326012
112,1172,3,3,1,1973,Suburban,Good,No,199971
113,1045,2,1,3,1980,Rural,Poor,Yes,120240
114,5979,5,4,2,2024,Seaside,Excellent,Yes,1821040
115,2291,3,3,2,2021,Suburban,Good,Yes,553219
116,2613,6,4,2,2006,Countryside,Poor,Yes,220171
117,2553,4,3,2,2015,Urban,Good,Yes,608826
118,2406,4,3,3,1950,Countryside,Fair,No,303466
119,2533,5,4,2,2018,Mountain,Good,Yes,615995
120,1972,4,2,2,1993,Suburban,Fair,Yes,274172
121,1779,3,3,1,2022,Countryside,Good,Yes,385775
122,2298,5,4,1,2000,Countryside,Good,Yes,476796
123,858,1,1,1,2015,Seaside,Excellent,Yes,357821
124,1857,4,3,1,2004,Suburban,Good,Yes,362789
125,1468,2,2,2,2007,Suburban,Fair,Yes,343498
126,1691,3,4,1,1995,Urban,Fair,Yes,317796
127,750,1,2,1,1973,Downtown,Poor,No,123569
128,1825,5,4,2,2005,Countryside,Fair,No,355065
129,2154,5,5,2,2017,Urban,Excellent,Yes,968926
130,1243,4,4,2,2019,Suburban,Fair,Yes,384547
131,1386,4,4,2,1952,Industrial,Poor,Yes,176709
132,1205,3,2,2,1979,Rural,Good,Yes,237962
133,1742,4,4,1,2022,Industrial,Excellent,No,334869
134,2094,4,3,1,1973,Suburban,Good,No,373820
135,2020,3,2,2,2003,Rural,Fair,Yes,266375
136,1128,1,1,2,1967,Industrial,Poor,Yes,126216
137,1946,4,3,2,1981,Downtown,Good,No,474581
138,1593,3,3,2,2013,Rural,Poor,Yes,268699
139,2370,4,4,1,2018,Countryside,Fair,Yes,379526
140,1577,4,3,2,2024,Downtown,Excellent,Yes,698804
141,1394,2,2,1,2007,Countryside,Good,Yes,361356
142,2977,5,5,2,2010,Urban,Good,Yes,783547
143,1785,3,3,2,1981,Industrial,Fair,Yes,210216
144,2510,7,3,2,2019,Seaside,Poor,Yes,502642
145,1199,3,3,2,1985,Mountain,Fair,No,262693
146,2821,6,3,3,2022,Downtown,Excellent,Yes,1274008
147,1868,5,4,2,2005,Suburban,Fair,Yes,500194
148,2839,5,4,2,2002,Countryside,Fair,Yes,532550
149,1785,4,3,1,2025,Urban,Good,Yes,747097
150,978,2,1,2,1983,Countryside,Good,No,168668
151,681,1,2,1,2018,Industrial,Good,Yes,127475
152,883,2,1,2,1985,Industrial,Fair,Yes,108576
153,2685,6,3,2,2020,Mountain,Good,Yes,866486
154,500,1,2,1,2000,Seaside,Good,Yes,241176
155,1124,1,1,1,1980,Industrial,Fair,Yes,125928
156,956,1,2,1,1995,Countryside,Fair,No,138717
157,866,2,2,1,1983,Urban,Fair,Yes,228696
158,995,2,1,3,1988,Rural,Fair,Yes,116640
159,1829,5,3,1,2002,Countryside,Poor,Yes,246968
160,2829,5,4,2,1956,Urban,Fair,No,595854
161,2398,4,3,1,1961,Countryside,Poor,No,142721
162,1360,2,2,1,1988,Mountain,Poor,No,230981
163,1781,4,4,2,1962,Industrial,Good,No,316185
164,2170,5,4,2,1996,Suburban,Excellent,Yes,676159
165,1761,5,4,2,2013,Downtown,Good,Yes,676974
166,1733,5,5,1,2018,Urban,Fair,Yes,574437
167,1033,3,3,1,1988,Urban,Fair,Yes,233000
168,1086,3,3,1,2005,Industrial,Good,Yes,221895
169,966,2,2,1,2014,Seaside,Good,Yes,267916
170,2591,5,5,1,2023,Downtown,Excellent,Yes,1002698
171,1686,3,3,1,1992,Rural,Good,Yes,323725
172,1302,3,3,2,2016,Seaside,Fair,Yes,413761
173,1863,4,2,2,1990,Downtown,Fair,Yes,389216
174,1523,4,2,1,2009,Countryside,Good,Yes,390827
175,2099,4,4,3,1996,Suburban,Fair,Yes,364376
176,2215,4,4,2,1981,Mountain,Fair,Yes,519703
177,2180,3,2,1,2009,Downtown,Fair,Yes,560738
178,2240,3,2,2,2007,Suburban,Fair,Yes,342350
179,2385,5,3,1,2012,Suburban,Excellent,Yes,804719
180,5343,6,6,2,1996,Seaside,Excellent,Yes,1740180
181,1940,5,4,2,1994,Rural,Poor,Yes,200936
182,1198,1,1,1,1977,Industrial,Fair,Yes,131256
183,1205,3,2,2,2014,Urban,Good,No,399504
184,500,1,2,1,2013,Industrial,Good,No,101928
185,3191,4,3,2,2017,Seaside,Fair,Yes,766545
186,1625,3,3,1,1989,Urban,Fair,Yes,376037
187,3093,5,5,3,2025,Countryside,Good,Yes,507149
188,2331,4,3,2,2012,Rural,Good,Yes,266306
189,1695,3,3,1,2024,Industrial,Excellent,Yes,301142
190,618,2,1,2,2017,Downtown,Good,Yes,289282
191,1576,3,2,1,2023,Downtown,Excellent,Yes,533649
192,634,2,1,3,1987,Rural,Fair,Yes,90648
193,1671,3,4,1,2011,Urban,Good,Yes,640838
194,1338,3,3,2,1988,Countryside,Fair,Yes,232035
195,2099,4,2,3,2001,Countryside,Fair,Yes,473511
196,1009,3,4,1,1980,Countryside,Poor,Yes,176283
197,5252,6,4,1,1989,Downtown,Excellent,Yes,1664520
198,1726,3,3,2,1991,Countryside,Fair,Yes,277057
199,2500,5,4,2,2002,Countryside,Excellent,Yes,519644
200,1974,5,5,1,1991,Suburban,Poor,No,282935
201,3094,6,5,3,2008,Downtown,Fair,No,640126
202,1437,2,2,2,2016,Rural,Poor,No,163454
203,1318,2,2,2,2010,Downtown,Fair,Yes,451552
204,2553,4,3,1,2004,Urban,Fair,Yes,592650
205,946,1,1,1,2014,Urban,Excellent,Yes,438986
206,4901,7,6,1,2003,Seaside,Excellent,Yes,1657760
207,1287,3,4,1,1998,Rural,Good,Yes,284898
208,1493,4,3,2,1955,Countryside,Fair,No,200042
209,1699,4,3,2,2013,Mountain,Fair,Yes,447857
210,2474,3,3,2,1977,Countryside,Good,No,329094
211,1818,5,4,2,2007,Industrial,Good,Yes,251664
212,2401,4,2,2,2016,Downtown,Good,No,636272
213,1674,5,3,2,2013,Mountain,Good,Yes,455427
214,2211,4,4,3,2017,Seaside,Fair,No,345651
215,930,1,2,2,2025,Downtown,Good,Yes,304284
216,1393,2,2,1,1984,Suburban,Fair,Yes,303426
217,932,1,1,2,1969,Rural,Poor,Yes,112104
218,2763,4,3,2,1981,Industrial,Fair,Yes,395584
219,2368,4,3,1,1995,Mountain,Poor,Yes,451656
220,2263,3,2,2,2003,Mountain,Poor,Yes,436395
221,1576,4,3,1,1997,Suburban,Fair,No,359723
222,2812,6,5,2,1970,Rural,Fair,No,441909
223,1578,5,4,2,1980,Downtown,Poor,No,366123
224,1859,3,2,1,1980,Urban,Good,No,430528
225,899,1,1,2,1974,Rural,Fair,Yes,109728
226,1511,3,4,1,2008,Rural,Poor,Yes,234371
227,742,3,2,1,2023,Mountain,Excellent,Yes,314436
228,2092,4,3,3,1981,Mountain,Poor,Yes,414236
229,2079,4,3,1,1981,Downtown,Fair,Yes,514908
230,2081,5,3,2,2005,Mountain,Good,Yes,747344
231,1750,4,2,2,2017,Suburban,Poor,No,245156
232,2779,4,3,1,1997,Rural,Poor,Yes,293977
233,1412,2,2,2,2004,Industrial,Poor,Yes,140174
234,1501,5,4,2,2006,Suburban,Poor,Yes,288970
235,1850,4,2,2,2016,Suburban,Poor,Yes,375758
236,1483,2,2,2,1991,Industrial,Good,Yes,208642
237,1840,3,3,2,1994,Rural,Fair,No,270744
238,1816,4,2,1,2013,Industrial,Fair,Yes,199094
239,1358,4,4,2,2024,Mountain,Good,Yes,492294
240,1246,4,4,2,1979,Countryside,Fair,Yes,306997
241,2147,3,3,1,2018,Downtown,Excellent,Yes,812673
242,1966,3,3,2,2019,Seaside,Fair,Yes,568420
243,1460,3,3,2,2010,Industrial,Good,Yes,241881
244,2057,3,2,2,1977,Rural,Fair,Yes,292245
245,1969,3,4,1,2009,Downtown,Good,Yes,594972
246,1443,3,3,2,2020,Urban,Good,Yes,473542
247,1072,4,3,1,1977,Industrial,Fair,Yes,195732
248,1228,3,4,2,1957,Industrial,Good,No,175020
249,2225,3,4,2,2016,Downtown,Excellent,Yes,774325
250,3025,5,4,3,1987,Countryside,Fair,Yes,541812
251,668,2,1,1,2013,Downtown,Poor,No,169085
252,1585,3,4,2,2005,Seaside,Good,Yes,596307
253,1842,3,4,2,1978,Countryside,Fair,Yes,364096
254,1489,4,3,1,1996,Downtown,Fair,No,393927
255,2533,6,3,2,1976,Seaside,Good,No,795494
256,1262,3,4,1,2000,Seaside,Fair,Yes,332025
257,1432,2,1,2,1995,Urban,Fair,Yes,335939
258,1027,3,3,2,1969,Industrial,Poor,Yes,80303
259,2450,4,3,2,2021,Urban,Excellent,Yes,758337
260,1879,5,4,1,2011,Seaside,Excellent,Yes,905736
261,1374,3,3,2,2012,Downtown,Good,Yes,387617
262,2212,3,3,3,1966,Downtown,Fair,Yes,557478
263,1300,3,2,2,2014,Urban,Good,Yes,292082
264,1484,3,3,2,2007,Seaside,Good,No,530702
265,2371,4,2,3,1972,Industrial,Excellent,No,359337
266,1990,4,2,1,2020,Seaside,Good,Yes,771735
267,2313,5,4,2,2010,Mountain,Good,No,665119
268,954,1,2,1,2014,Mountain,Good,Yes,313969
269,2582,6,4,2,1983,Countryside,Fair,Yes,323736
270,1936,3,2,1,2015,Rural,Good,Yes,226910
271,822,1,2,1,2011,Countryside,Excellent,Yes,287589
272,1816,3,2,1,2021,Rural,Fair,Yes,292298
273,910,1,1,1,1974,Rural,Fair,Yes,110520
274,1808,3,3,1,1962,Industrial,Fair,Yes,220980
275,1909,4,3,2,2001,Suburban,Good,Yes,397552
276,1818,4,3,2,2005,Urban,Good,Yes,448437
277,3044,5,4,4,2019,Industrial,Good,Yes,399374
278,2831,4,4,2,2020,Mountain,Excellent,No,716166
279,1959,5,3,2,1979,Urban,Fair,Yes,619517
280,1811,3,3,2,1993,Downtown,Fair,Yes,524018
281,1442,3,3,2,2018,Seaside,Good,Yes,607537
282,2710,6,4,3,1971,Countryside,Fair,No,483607
283,1718,4,3,2,1957,Industrial,Good,Yes,299860
284,1847,4,3,2,1995,Rural,Poor,No,240517
285,2371,3,2,2,2017,Urban,Poor,Yes,476873
286,1908,4,2,1,2012,Seaside,Good,Yes,587827
287,1685,3,4,2,1972,Countryside,Poor,No,190103
288,1370,4,3,2,1981,Suburban,Fair,Yes,340195
289,1338,4,4,2,2020,Countryside,Good,No,263291
290,913,1,1,1,2014,Mountain,Excellent,Yes,336712
291,3112,6,3,3,1989,Downtown,Poor,Yes,504092
292,2114,3,4,2,2000,Mountain,Fair,Yes,349190
293,1485,3,3,1,2004,Suburban,Good,Yes,401629
294,1913,4,3,2,1974,Downtown,Poor,Yes,461562
295,2237,3,3,3,2001,Urban,Fair,No,424215
296,1350,2,2,2,2017,Mountain,Poor,Yes,290031
297,2379,5,4,3,2012,Seaside,Fair,Yes,754122
298,938,2,1,2,1983,Industrial,Poor,Yes,112536
299,2541,6,3,2,2002,Industrial,Good,Yes,374376
300,2203,3,3,3,1970,Downtown,Good,Yes,605128
301,1602,3,2,1,2004,Downtown,Poor,Yes,383979
302,1975,5,4,2,1962,Rural,Fair,Yes,293253
303,1753,4,4,2,2011,Downtown,Good,Yes,618277
304,1534,5,4,1,1998,Urban,Poor,Yes,351268
305,1004,2,1,1,1966,Rural,Poor,No,117288
306,2111,5,4,2,1986,Rural,Fair,Yes,425324
307,1354,3,3,2,1970,Suburban,Excellent,Yes,368185
308,3075,6,4,3,1986,Suburban,Poor,Yes,527897
309,2568,5,3,3,2009,Mountain,Fair,Yes,623309
310,2545,5,3,2,2011,Suburban,Poor,Yes,368654
311,1146,4,3,1,2004,Countryside,Excellent,Yes,345356
312,1015,3,3,2,2003,Countryside,Poor,No,169286
313,1542,5,3,2,2025,Industrial,Excellent,Yes,391118
314,1669,5,3,1,1955,Seaside,Poor,No,237266
315,1816,5,4,1,2003,Industrial,Fair,Yes,290738
316,2691,7,4,3,2008,Countryside,Poor,Yes,382713
317,1049,3,4,2,1975,Countryside,Poor,Yes,201405
318,3897,5,4,2,1963,Rural,Excellent,Yes,531678
319,2515,4,3,2,2010,Suburban,Excellent,No,555421
320,2092,3,4,1,2011,Urban,Excellent,Yes,790031
321,2985,5,4,2,1996,Mountain,Excellent,No,588534
322,2652,6,5,2,1986,Industrial,Poor,Yes,265910
323,1580,3,2,2,2004,Rural,Poor,No,189817
324,1408,4,3,2,1968,Downtown,Fair,Yes,477767
325,5359,7,6,2,1970,Downtown,Excellent,Yes,1776840
326,1783,5,3,1,1994,Rural,Fair,No,242082
327,1648,3,3,2,2016,Seaside,Fair,Yes,536639
328,2223,4,2,2,2000,Suburban,Good,Yes,456577
329,2051,5,3,2,2008,Downtown,Good,Yes,817428
330,2674,6,3,3,2001,Suburban,Good,Yes,677549
331,5612,6,5,3,1991,Downtown,Excellent,Yes,1784120
332,2185,3,2,2,2010,Countryside,Excellent,Yes,408830
333,1144,3,3,1,1960,Downtown,Poor,No,216263
334,2445,3,3,2,2012,Urban,Excellent,Yes,832354
335,654,1,1,3,1961,Rural,Fair,No,92088
336,2148,4,3,3,2004,Industrial,Fair,Yes,331726
337,2527,7,3,2,1970,Urban,Poor,Yes,517915
338,1580,5,4,2,2008,Industrial,Good,Yes,243909
339,2888,5,3,2,2022,Countryside,Excellent,Yes,594644
340,1958,4,3,2,1995,Mountain,Fair,No,369503
341,1036,2,1,1,1980,Rural,Poor,Yes,119592
342,1857,3,3,2,2013,Suburban,Fair,Yes,311878
343,1852,3,2,2,1993,Seaside,Fair,Yes,477612
344,1868,4,3,1,2006,Urban,Good,Yes,484318
345,1126,3,4,2,1976,Suburban,Fair,Yes,245651
346,2158,3,2,2,1999,Mountain,Fair,Yes,537087
347,1734,5,3,2,2024,Urban,Good,Yes,633434
348,1151,1,1,3,1963,Industrial,Poor,Yes,127872
349,2849,6,3,2,1975,Urban,Good,Yes,909398
350,1216,2,2,2,1998,Mountain,Good,No,219239
351,959,2,2,2,2004,Rural,Good,Yes,216531
352,2158,3,4,3,2018,Suburban,Good,Yes,496567
353,996,2,2,1,2009,Countryside,Good,Yes,261329
354,2699,5,3,2,2000,Rural,Fair,No,333819
355,1951,4,3,1,1982,Industrial,Fair,No,204203
356,2285,4,4,1,2021,Rural,Good,Yes,444949
357,989,3,3,1,2020,Industrial,Good,Yes,170156
358,953,1,2,2,1973,Countryside,Fair,Yes,145842
359,2050,5,5,2,2001,Seaside,Fair,Yes,651132
360,2756,5,4,2,2013,Countryside,Good,Yes,486737
361,1052,2,1,1,2019,Seaside,Fair,Yes,307930
362,1216,2,2,1,1989,Mountain,Poor,Yes,238246
363,1867,4,3,2,2005,Suburban,Fair,Yes,435916
364,1429,3,3,1,2022,Industrial,Excellent,Yes,258328
365,1262,3,3,1,2019,Mountain,Good,No,333050
366,2122,5,4,2,2019,Rural,Good,Yes,495582
367,2546,6,5,2,1995,Urban,Fair,Yes,657702
368,1582,4,2,2,2009,Suburban,Excellent,Yes,604895
369,2309,5,3,2,1973,Suburban,Fair,No,261884
370,1759,3,3,2,2012,Downtown,Good,Yes,526509
371,2573,4,3,2,2003,Downtown,Good,Yes,853962
372,803,2,2,1,2011,Downtown,Fair,Yes,360878
373,2642,4,2,3,2013,Urban,Fair,Yes,667412
374,2681,6,4,2,1993,Countryside,Good,Yes,499626
375,1421,2,1,2,2020,Downtown,Good,Yes,388812
376,1175,3,3,2,2001,Seaside,Good,Yes,448446
377,1903,3,3,1,2011,Countryside,Good,No,356892
378,1706,5,4,2,2013,Urban,Good,Yes,704840
379,1600,4,2,2,1994,Industrial,Poor,Yes,197971
380,1536,4,2,2,2016,Countryside,Poor,Yes,304065
381,2254,5,5,2,1966,Countryside,Fair,No,362745
382,1685,3,3,1,1956,Industrial,Fair,No,175145
383,2442,4,4,2,2007,Countryside,Good,Yes,623922
384,1296,3,3,2,1998,Suburban,Fair,Yes,331987
385,2175,4,2,2,2010,Mountain,Good,Yes,639366
386,1921,3,3,2,1972,Seaside,Poor,No,358053
387,1076,3,3,1,2017,Seaside,Poor,Yes,311835
388,604,2,2,1,2023,Countryside,Fair,Yes,117498
389,2031,4,3,2,1970,Industrial,Poor,Yes,203039
390,1923,3,3,2,2004,Rural,Good,Yes,379088
391,1262,4,4,1,2019,Mountain,Good,Yes,511763
392,1587,4,3,2,2019,Countryside,Poor,Yes,225534
393,1693,3,2,1,1981,Rural,Excellent,Yes,258468
394,1553,4,3,1,2017,Downtown,Good,Yes,513567
395,1572,3,4,1,1974,Suburban,Good,No,356645
396,1158,3,3,1,1994,Downtown,Fair,Yes,379815
397,1751,3,4,1,2000,Urban,Fair,Yes,390431
398,1930,4,2,1,1979,Countryside,Excellent,No,375720
399,1089,3,3,1,2003,Rural,Good,Yes,223052
400,1617,4,3,2,2020,Countryside,Excellent,Yes,465986
401,2942,5,4,2,2006,Urban,Good,Yes,998319
402,1939,4,3,2,2008,Seaside,Excellent,Yes,704566
403,1589,4,3,1,2006,Mountain,Good,Yes,398487
404,1881,4,3,2,2008,Suburban,Good,Yes,364304
405,3878,7,5,1,2003,Downtown,Excellent,Yes,1365780
406,659,2,1,1,1974,Rural,Poor,Yes,92448
407,2963,7,4,2,2017,Countryside,Good,Yes,472642
408,1878,3,3,2,2014,Countryside,Poor,Yes,254102
409,549,3,2,1,2001,Urban,Fair,Yes,293795
410,1878,3,4,2,2008,Suburban,Fair,Yes,414719
411,1995,3,3,2,2021,Seaside,Good,Yes,569582
412,1540,3,3,2,1992,Countryside,Excellent,No,420575
413,1730,4,3,1,2017,Mountain,Good,Yes,520207
414,2206,3,3,2,2005,Downtown,Good,No,547108
415,1147,2,2,1,1996,Industrial,Good,No,133746
416,1754,3,2,1,2012,Mountain,Fair,No,379989
417,1851,3,3,2,2014,Industrial,Fair,Yes,139702
418,1410,4,3,2,2018,Downtown,Good,Yes,512220
419,1637,4,3,1,1984,Suburban,Fair,No,333635
420,1550,4,2,2,2022,Seaside,Good,Yes,566313
421,2346,3,3,2,2021,Downtown,Excellent,Yes,854379
422,1355,3,4,1,1990,Industrial,Poor,Yes,208066
423,1183,4,3,1,2007,Urban,Good,Yes,429532
424,1581,5,4,2,2006,Countryside,Good,No,360238
425,655,1,1,1,2002,Industrial,Excellent,Yes,130574
426,2049,5,4,1,2019,Industrial,Good,No,266252
427,1153,2,2,1,2017,Seaside,Fair,Yes,303126
428,2696,6,3,2,1956,Countryside,Good,Yes,518641
429,1494,3,3,1,2010,Suburban,Fair,No,297249
430,1536,3,3,2,1967,Rural,Poor,Yes,205589
431,500,3,4,1,1998,Rural,Excellent,Yes,257907
432,1924,4,3,1,1992,Industrial,Poor,No,225033
433,1743,3,4,2,1988,Industrial,Excellent,Yes,309974
434,2336,3,3,2,1994,Industrial,Fair,Yes,261236
435,2993,5,4,3,1981,Countryside,Poor,No,352113
436,1561,4,3,2,1989,Suburban,Fair,Yes,341223
437,631,1,1,1,1966,Industrial,Fair,Yes,90432
438,2070,5,4,1,1998,Mountain,Fair,No,402789
439,4973,6,6,1,2022,Downtown,Excellent,Yes,1643980
440,1737,5,4,1,2006,Mountain,Good,No,274106
441,1683,3,2,2,2008,Suburban,Poor,Yes,261724
442,1152,2,1,1,2021,Rural,Poor,Yes,136621
443,1584,4,2,2,1993,Industrial,Fair,Yes,219310
444,1727,3,3,2,2014,Mountain,Good,Yes,491693
445,1740,5,5,1,1988,Countryside,Poor,Yes,251865
446,1026,1,1,1,1986,Rural,Poor,Yes,118872
447,2203,3,3,3,2014,Downtown,Good,Yes,436366
448,1173,2,1,2,2007,Rural,Good,Yes,166242
449,1009,4,4,1,1988,Rural,Fair,No,203058
450,1536,4,2,1,2010,Rural,Fair,Yes,267124
451,1145,2,1,2,1968,Rural,Fair,Yes,127440
452,3159,7,4,3,2001,Suburban,Fair,Yes,652997
453,1576,5,4,2,2006,Downtown,Good,Yes,639785
454,1682,4,2,2,2015,Mountain,Fair,No,270906
455,1528,4,3,2,2011,Downtown,Poor,Yes,439923
456,2210,3,3,2,1990,Seaside,Poor,Yes,424833
457,1291,3,4,1,2002,Urban,Good,No,459274
458,659,2,1,2,1965,Rural,Poor,No,92448
459,2773,5,3,1,2008,Seaside,Good,No,869342
460,1879,5,4,2,2025,Industrial,Excellent,Yes,401913
461,2020,3,2,2,1987,Downtown,Fair,Yes,499406
462,1461,3,4,2,1979,Seaside,Poor,Yes,330633
463,1343,3,3,2,1978,Urban,Poor,Yes,306251
464,1108,2,2,2,2016,Countryside,Good,Yes,271780
465,508,2,2,1,1975,Downtown,Poor,Yes,182297
466,1322,2,2,2,1994,Countryside,Fair,Yes,225712
467,2523,5,3,2,1979,Rural,Poor,Yes,341669
468,2268,4,4,1,2015,Countryside,Poor,Yes,289018
469,3051,6,3,2,2023,Industrial,Good,Yes,386631
470,2352,4,4,3,2002,Mountain,Fair,Yes,474232
471,2982,4,3,2,2019,Industrial,Good,Yes,421422
472,2406,3,4,2,2013,Industrial,Poor,Yes,280887
473,1184,3,3,2,2002,Rural,Fair,Yes,259988
474,1407,3,3,2,2002,Urban,Good,Yes,531486
475,561,2,1,2,2000,Suburban,Good,No,163139
476,500,2,2,2,1980,Urban,Poor,Yes,138554
477,2670,5,4,1,1999,Suburban,Poor,Yes,552190
478,1205,2,2,1,1978,Industrial,Good,Yes,203408
479,1874,5,4,1,1981,Mountain,Good,Yes,462951
480,2093,3,3,2,1985,Seaside,Fair,Yes,672232
481,2094,3,4,1,2019,Mountain,Good,Yes,610380
482,2561,5,4,3,1954,Suburban,Fair,No,455670
483,1446,2,2,2,1998,Seaside,Poor,Yes,345176
484,2771,7,5,1,2001,Rural,Good,Yes,482933
485,1951,5,4,2,2007,Mountain,Fair,No,515793
486,1621,3,3,1,2016,Countryside,Good,Yes,286651
487,873,2,1,1,1982,Rural,Good,Yes,169223
488,801,3,4,2,1991,Suburban,Poor,Yes,255558
489,2817,6,4,3,1969,Mountain,Good,No,794248
490,1834,4,3,2,2002,Urban,Poor,Yes,445267
491,817,1,2,1,2022,Suburban,Excellent,Yes,313126
492,2382,3,2,2,2014,Urban,Good,Yes,516911
493,907,2,1,1,1967,Rural,Fair,Yes,110304
494,1043,3,2,1,2015,Countryside,Fair,Yes,240613
495,691,2,1,2,1964,Industrial,Fair,Yes,94752
496,2118,3,3,2,2004,Downtown,Good,Yes,585242
497,1322,3,3,2,2004,Seaside,Poor,Yes,345438
498,761,1,2,1,1993,Mountain,Fair,Yes,259833
499,2485,4,2,2,2006,Countryside,Fair,Yes,288445
500,1477,3,2,2,1995,Countryside,Fair,No,252661
501,2212,4,2,2,2000,Urban,Good,Yes,739470
502,1313,4,3,1,1994,Suburban,Good,Yes,277641
503,1265,3,3,2,2004,Seaside,Good,Yes,449124
504,1166,3,3,1,2016,Urban,Good,No,365395
505,1155,1,1,1,1975,Industrial,Poor,Yes,128160
506,2136,4,3,2,1955,Countryside,Good,Yes,338508
507,2602,6,5,1,1981,Downtown,Good,Yes,938392
508,1906,5,3,2,1986,Urban,Good,Yes,587081
509,2001,3,3,1,2018,Industrial,Good,Yes,298199
510,919,1,1,3,1967,Rural,Fair,Yes,111168
511,2256,5,4,1,2010,Countryside,Fair,Yes,458216
512,1311,2,1,1,2009,Seaside,Fair,Yes,405614
513,2157,5,4,2,2019,Mountain,Fair,Yes,480855
514,1685,4,4,1,2016,Suburban,Good,No,411573
515,1573,5,5,2,1981,Industrial,Poor,No,197854
516,1563,4,3,1,1993,Downtown,Good,No,445949
517,2515,6,5,3,1994,Rural,Good,No,331667
518,1343,3,3,2,1993,Mountain,Good,Yes,414507
519,1589,3,4,2,1984,Downtown,Fair,Yes,517790
520,4046,6,5,3,2000,Downtown,Excellent,Yes,1376960
521,2323,4,2,2,2019,Mountain,Poor,Yes,399392
522,1569,4,3,2,1980,Industrial,Fair,Yes,239256
523,1814,5,4,1,1996,Suburban,Fair,Yes,398063
524,1397,3,3,2,2018,Seaside,Good,Yes,485707
525,1426,4,3,2,2002,Suburban,Poor,No,271890
526,2531,5,5,2,1950,Rural,Poor,Yes,327808
527,954,1,2,2,2013,Mountain,Good,Yes,284835
528,2023,3,3,2,1989,Rural,Fair,Yes,317521
529,1448,2,2,1,1970,Suburban,Fair,No,247016
530,1743,4,3,2,2019,Suburban,Excellent,Yes,500966
531,1672,5,4,2,2014,Seaside,Good,No,646685
532,2414,3,3,3,1995,Suburban,Poor,No,317390
533,2401,3,3,2,1988,Mountain,Poor,Yes,371434
534,1260,4,4,2,2005,Urban,Excellent,Yes,400598
535,1166,3,2,2,1979,Industrial,Fair,Yes,142819
536,2825,4,3,2,1986,Downtown,Good,No,654719
537,1701,3,3,1,1999,Seaside,Fair,Yes,452489
538,1239,3,4,2,2000,Urban,Fair,Yes,413113
539,1026,2,1,1,1961,Industrial,Fair,Yes,118872
540,2278,3,3,2,2017,Industrial,Excellent,Yes,437235
541,1397,3,2,1,2022,Mountain,Excellent,No,511719
542,2082,5,4,2,2021,Suburban,Fair,Yes,494868
543,1534,3,2,1,1993,Industrial,Good,Yes,280025
544,5370,6,5,2,2002,Seaside,Excellent,Yes,1721200
545,2577,4,3,2,1970,Countryside,Fair,Yes,320779
546,1928,3,3,1,2017,Industrial,Good,Yes,237501
547,2083,3,4,2,2013,Countryside,Good,Yes,410120
548,1243,3,3,2,1978,Downtown,Excellent,No,523546
549,2370,3,3,2,1988,Rural,Poor,Yes,274865
550,1143,3,4,1,2021,Rural,Good,Yes,307137
551,1475,3,4,1,2015,Countryside,Good,Yes,396208
552,1460,3,3,1,1971,Industrial,Fair,No,168575
553,2595,4,3,2,1986,Mountain,Fair,Yes,418497
554,1293,3,3,2,2016,Urban,Excellent,Yes,526078
555,1191,3,2,1,1950,Suburban,Poor,Yes,219507
556,1158,2,2,2,2022,Mountain,Excellent,Yes,336564
557,1836,3,3,1,2019,Seaside,Fair,No,442650
558,860,1,2,1,1986,Countryside,Poor,No,130123
559,916,2,1,2,1984,Rural,Fair,Yes,110952
560,2800,6,4,3,2013,Mountain,Excellent,Yes,924702
561,1829,3,2,2,1978,Seaside,Good,Yes,566006
562,2419,5,4,1,1978,Suburban,Fair,Yes,549474
563,2469,4,3,2,1995,Countryside,Good,No,490301
564,2301,3,3,3,2013,Seaside,Good,Yes,595670
565,560,2,1,1,1995,Mountain,Poor,Yes,148622
566,1441,3,3,1,1984,Urban,Poor,Yes,310234
567,1343,2,2,1,1985,Seaside,Good,Yes,382513
568,1784,4,3,2,1998,Mountain,Poor,Yes,372054
569,1511,4,2,2,2007,Seaside,Good,Yes,560543
570,2335,3,3,3,2018,Suburban,Excellent,Yes,694518
571,1161,3,3,1,2014,Seaside,Fair,Yes,423925
572,1229,2,2,1,1971,Rural,Fair,No,149284
573,2220,3,2,3,1998,Seaside,Good,Yes,878327
574,2440,3,2,2,2016,Mountain,Excellent,Yes,678641
575,1950,3,3,1,2020,Industrial,Good,Yes,342123
576,1173,3,3,1,2022,Mountain,Good,Yes,419136
577,1566,3,3,2,2006,Countryside,Fair,Yes,276773
578,892,1,2,1,2009,Downtown,Good,Yes,280287
579,1900,3,4,1,1995,Industrial,Fair,No,230772
580,882,1,1,1,1986,Industrial,Poor,Yes,108504
581,1762,5,4,2,1984,Rural,Fair,No,266160
582,2186,4,2,2,1992,Industrial,Poor,Yes,170741
583,1037,3,3,1,2007,Suburban,Good,Yes,322849
584,2462,3,3,2,1990,Urban,Fair,Yes,490681
585,1733,5,4,2,2020,Downtown,Good,Yes,610983
586,1530,5,3,2,2014,Urban,Poor,No,414769
587,982,1,1,2,1965,Rural,Fair,Yes,115704
588,1473,3,3,2,2010,Countryside,Fair,Yes,322613
589,2391,4,3,1,1995,Suburban,Good,Yes,482378
590,611,1,2,1,1996,Industrial,Poor,Yes,81873
591,1216,2,1,1,2014,Urban,Fair,Yes,360299
592,1757,3,3,1,2008,Seaside,Fair,Yes,506567
593,500,3,4,1,2008,Mountain,Poor,No,161257
594,1839,5,3,2,1994,Urban,Fair,Yes,440415
595,1323,2,2,2,1990,Downtown,Poor,No,261269
596,2894,5,3,2,2015,Countryside,Excellent,No,548099
597,1827,3,3,2,2011,Urban,Fair,No,437151
598,869,2,1,1,1961,Industrial,Fair,Yes,107568
599,1562,3,3,2,2003,Countryside,Good,Yes,280895
600,2558,4,3,2,1981,Industrial,Fair,Yes,258259
601,2095,4,4,1,2006,Downtown,Fair,No,486285
602,1135,2,1,1,2012,Industrial,Excellent,No,245433
603,1349,4,4,2,1994,Rural,Poor,Yes,168120
604,1616,3,4,1,2013,Mountain,Good,Yes,445756
605,1440,4,3,2,2007,Suburban,Good,Yes,357357
606,1752,3,3,2,1991,Suburban,Good,Yes,275703
607,1716,3,2,2,1972,Downtown,Fair,Yes,498530
608,2123,3,3,2,2014,Industrial,Good,Yes,307279
609,1015,4,4,2,1989,Industrial,Good,Yes,169539
610,1513,3,3,1,2009,Downtown,Fair,Yes,328141
611,767,2,2,1,2016,Rural,Excellent,No,171279
612,2484,4,3,2,2006,Rural,Fair,Yes,489049
613,827,2,1,2,1961,Industrial,Fair,Yes,104544
614,1530,4,3,1,2002,Seaside,Good,Yes,522837
615,2189,4,2,2,2017,Countryside,Good,Yes,468448
616,1432,4,2,2,2003,Industrial,Good,Yes,281668
617,2396,3,2,1,2019,Seaside,Good,Yes,714757
618,1720,3,3,2,1994,Countryside,Poor,Yes,276564
619,1556,3,4,2,2017,Suburban,Good,Yes,401004
620,1657,4,3,2,2010,Seaside,Good,Yes,453391
621,2092,4,2,2,2024,Urban,Excellent,Yes,854306
622,1701,3,3,2,2018,Suburban,Good,No,384196
623,966,2,1,2,1997,Suburban,Good,No,269000
624,2301,3,2,2,2010,Industrial,Poor,Yes,266686
625,731,1,2,2,1989,Rural,Poor,No,64809
626,1359,3,3,1,2009,Countryside,Good,Yes,215907
627,5887,6,5,1,2014,Downtown,Excellent,Yes,1855620
628,1561,5,4,1,2005,Industrial,Good,No,206192
629,1105,3,3,1,2013,Rural,Excellent,Yes,240239
630,2203,4,3,2,1993,Urban,Good,No,559598
631,1112,2,2,1,2008,Suburban,Poor,Yes,229111
632,2143,4,4,2,1957,Rural,Excellent,Yes,492628
633,1083,3,2,1,2003,Suburban,Fair,Yes,279618
634,847,1,1,2,1981,Rural,Poor,Yes,105984
635,1495,3,4,1,1992,Suburban,Poor,No,174344
636,800,3,2,2,1986,Mountain,Poor,No,168525
637,2194,4,3,1,1993,Seaside,Fair,Yes,524538
638,3239,4,3,3,2013,Countryside,Poor,Yes,567526
639,2607,5,4,2,2009,Mountain,Poor,Yes,390873
640,2053,3,3,2,1984,Industrial,Fair,No,128732
641,2245,3,3,3,1998,Downtown,Fair,Yes,510889
642,1881,3,3,2,2023,Suburban,Excellent,Yes,511138
643,1723,5,4,2,1990,Industrial,Good,No,255002
644,1566,3,4,2,2024,Suburban,Good,Yes,325572
645,2275,5,3,2,2010,Downtown,Fair,Yes,560610
646,2172,5,4,1,2013,Rural,Fair,Yes,412492
647,1530,3,3,2,2009,Urban,Good,No,500628
648,1106,1,1,2,1968,Industrial,Fair,Yes,124632
649,1524,4,2,1,2005,Countryside,Poor,Yes,193607
650,1563,3,4,2,2012,Rural,Good,Yes,361937
651,1360,3,3,2,1982,Urban,Poor,No,233947
652,1064,2,2,2,2009,Rural,Fair,Yes,228449
653,1790,4,3,2,1988,Mountain,Fair,Yes,412344
654,1320,2,2,2,2013,Downtown,Good,Yes,315524
655,1107,2,1,2,1980,Industrial,Poor,Yes,124704
656,2276,3,3,2,2017,Seaside,Excellent,Yes,963074
657,2222,3,3,1,2008,Urban,Fair,Yes,676032
658,1772,5,5,2,1979,Rural,Poor,No,195657
659,1059,3,2,2,1983,Countryside,Excellent,Yes,338735
660,2080,3,3,1,2004,Countryside,Fair,No,291193
661,2682,6,3,2,1992,Downtown,Poor,No,436341
662,1320,3,3,1,2025,Mountain,Excellent,Yes,488420
663,2060,4,2,2,1993,Urban,Fair,Yes,447926
664,1838,3,2,2,2011,Suburban,Excellent,No,387882
665,1434,4,4,1,2023,Rural,Good,Yes,347092
666,1937,4,3,1,2012,Rural,Excellent,Yes,423138
667,580,2,1,1,2004,Industrial,Fair,Yes,146691
668,1890,5,3,2,1974,Rural,Fair,Yes,349497
669,980,3,4,2,2004,Industrial,Good,No,208732
670,3035,6,3,2,1950,Urban,Poor,Yes,549918
671,2150,3,3,1,2008,Rural,Excellent,Yes,410194
672,1635,3,3,2,1999,Downtown,Good,Yes,495929
673,1090,3,3,1,2004,Urban,Fair,Yes,321535
674,974,2,2,2,1996,Suburban,Fair,No,166846
675,1596,3,3,2,1989,Rural,Fair,Yes,293779
676,1113,2,1,2,1980,Industrial,Poor,Yes,125136
677,2091,4,3,2,2023,Downtown,Good,Yes,479979
678,724,2,1,1,1988,Downtown,Good,Yes,268518
679,966,2,1,2,1985,Seaside,Poor,No,199402
680,1015,2,1,1,1988,Suburban,Poor,No,148715
681,1762,5,4,1,2012,Downtown,Good,Yes,654024
682,1928,3,2,1,2017,Urban,Good,Yes,682978
683,1313,2,2,2,2005,Suburban,Fair,Yes,271643
684,2638,4,4,2,2002,Suburban,Poor,No,425247
685,1462,3,3,2,2022,Mountain,Excellent,Yes,585845
686,1825,4,3,2,2025,Industrial,Excellent,Yes,478973
687,4029,7,5,1,2000,Downtown,Excellent,Yes,1405040
688,1572,3,3,1,2019,Seaside,Good,Yes,371854
689,1435,3,3,1,2024,Downtown,Good,Yes,437347
690,1370,2,1,1,1985,Industrial,Good,No,163466
691,1519,5,3,1,2012,Mountain,Excellent,Yes,526470
692,2319,5,4,2,2015,Industrial,Good,Yes,334175
693,786,2,2,1,1997,Mountain,Poor,No,135525
694,1096,4,3,1,1983,Seaside,Excellent,No,313905
695,2599,7,4,1,1998,Downtown,Fair,Yes,504364
696,696,2,1,1,2013,Urban,Good,Yes,219100
697,2068,4,2,2,1983,Industrial,Fair,Yes,237023
698,1541,5,4,2,2019,Rural,Excellent,Yes,412031
699,962,1,1,2,1974,Rural,Poor,Yes,114264
700,2146,4,4,2,2016,Industrial,Good,Yes,417961
701,1996,5,4,2,2002,Industrial,Good,No,232798
702,1153,3,3,1,1957,Industrial,Fair,Yes,184171
703,1467,3,3,1,2005,Downtown,Good,No,517589
704,2857,5,4,1,2006,Suburban,Good,Yes,643812
705,1915,4,3,1,1985,Urban,Fair,No,543239
706,1587,5,4,1,2000,Seaside,Good,Yes,603413
707,1696,3,3,2,2010,Rural,Good,No,221935
708,1655,4,3,2,1983,Mountain,Poor,Yes,375824
709,537,3,3,1,2002,Urban,Good,Yes,380905
710,2273,4,3,1,2020,Countryside,Good,No,352264
711,1939,4,2,1,2002,Seaside,Good,No,561343
712,2245,4,3,2,2009,Urban,Excellent,Yes,708817
713,555,2,2,1,2019,Countryside,Good,No,164873
714,1978,3,3,1,2013,Mountain,Good,No,594703
715,1037,3,3,2,2014,Industrial,Fair,No,151540
716,1564,4,2,2,1999,Urban,Fair,Yes,361099
717,1920,5,4,2,2006,Countryside,Fair,No,321653
718,2029,4,3,2,1985,Countryside,Fair,No,323680
719,1358,3,4,2,2001,Seaside,Fair,Yes,411078
720,1875,3,3,2,2011,Seaside,Excellent,Yes,664873
721,1339,4,3,2,2016,Seaside,Good,Yes,510467
722,2551,6,4,2,2013,Rural,Good,Yes,521786
723,2187,3,3,2,2008,Suburban,Good,Yes,512431
724,1161,4,3,1,2004,Countryside,Fair,Yes,172555
725,1635,3,4,2,2020,Mountain,Good,No,432512
726,2012,3,2,3,2009,Mountain,Good,No,438930
727,1533,3,3,1,1972,Urban,Good,No,346107
728,1667,5,3,1,1995,Suburban,Poor,Yes,283233
729,2247,4,3,1,2016,Countryside,Good,Yes,462920
730,1111,3,3,1,2003,Urban,Poor,Yes,308663
731,1271,2,2,2,1989,Seaside,Fair,Yes,405335
732,1194,4,2,1,1996,Suburban,Good,Yes,373853
733,1931,5,3,1,2006,Urban,Good,No,479752
734,1803,4,3,2,1992,Countryside,Good,Yes,435243
735,1265,4,3,1,1978,Downtown,Good,No,300537
736,2939,7,3,2,2002,Suburban,Poor,Yes,340927
737,1694,5,4,1,1964,Seaside,Fair,No,420184
738,4959,7,5,1,2010,Downtown,Excellent,Yes,1646840
739,4157,5,4,2,2000,Seaside,Excellent,Yes,1347320
740,3139,4,3,3,1988,Rural,Fair,No,310706
741,5194,6,6,2,2018,Downtown,Excellent,Yes,1701440
742,907,2,2,1,1971,Countryside,Fair,Yes,117806
743,615,2,2,2,1995,Seaside,Fair,No,183137
744,2328,5,3,3,2006,Industrial,Good,Yes,295964
745,2574,6,3,3,1993,Countryside,Fair,Yes,602421
746,2424,3,3,3,2000,Suburban,Good,Yes,455354
747,2293,3,4,2,2006,Mountain,Poor,Yes,490478
748,2454,4,3,2,1988,Countryside,Poor,Yes,302715
749,2314,5,4,1,2001,Mountain,Fair,Yes,571019
750,2639,4,3,3,2002,Downtown,Fair,No,600455
751,1209,3,4,1,1989,Suburban,Poor,No,199053
752,2145,5,4,3,2001,Mountain,Excellent,Yes,869645
753,2085,3,2,1,2001,Urban,Fair,No,300086
754,1365,3,3,1,2024,Seaside,Excellent,No,501066
755,2061,3,2,3,2009,Seaside,Good,No,499180
756,2279,3,3,2,2007,Downtown,Good,No,434022
757,1900,5,4,1,1994,Industrial,Fair,Yes,316756
758,2914,5,4,2,2016,Urban,Good,Yes,950320
759,2443,3,2,2,2003,Countryside,Poor,Yes,271878
760,1888,5,5,2,2014,Seaside,Fair,No,540431
761,1448,3,3,2,1974,Countryside,Fair,No,201197
762,1030,2,2,1,2007,Suburban,Fair,Yes,189049
763,4143,5,5,1,1988,Downtown,Excellent,Yes,1369680
764,1269,3,3,2,2009,Mountain,Poor,No,257653
765,664,1,1,1,2023,Rural,Good,Yes,166673
766,1050,2,2,1,2003,Suburban,Fair,Yes,203386
767,1419,3,4,2,1986,Countryside,Good,Yes,268829
768,1885,4,4,2,2003,Mountain,Good,Yes,715033
769,1337,2,1,1,2009,Rural,Good,Yes,173956
770,701,1,1,1,1982,Rural,Fair,Yes,95472
771,1550,5,4,2,2022,Industrial,Fair,No,189189
772,1881,4,3,1,2012,Suburban,Good,Yes,554231
773,1178,4,3,1,2014,Suburban,Good,Yes,363699
774,2371,3,2,2,2019,Seaside,Fair,No,659096
775,500,1,2,1,2005,Countryside,Fair,Yes,107126
776,592,3,4,2,2000,Mountain,Good,Yes,308185
777,1572,3,3,1,2000,Seaside,Fair,Yes,550112
778,889,1,2,1,2012,Urban,Excellent,No,257498
779,1421,3,2,1,2022,Mountain,Good,Yes,310027
780,1168,3,4,1,2010,Rural,Good,Yes,175695
781,1056,3,2,1,1986,Rural,Poor,Yes,115986
782,2729,4,2,3,1972,Industrial,Good,Yes,407956
783,2076,4,2,3,1998,Downtown,Poor,No,463248
784,2254,4,4,3,2025,Industrial,Good,Yes,297465
785,1504,4,2,2,1998,Downtown,Good,No,535365
786,1705,5,4,2,1991,Seaside,Poor,No,297287
787,2038,5,5,2,2011,Seaside,Good,Yes,663775
788,1142,2,2,1,1955,Mountain,Fair,Yes,181415
789,991,2,2,1,2013,Mountain,Fair,Yes,271976
790,692,1,2,1,1992,Suburban,Poor,Yes,136980
791,1934,3,3,2,2017,Suburban,Good,Yes,520527
792,1445,3,3,2,2024,Downtown,Excellent,No,472707
793,1037,3,4,2,1971,Suburban,Good,Yes,298577
794,1772,4,3,1,2014,Seaside,Fair,Yes,598641
795,1749,4,3,1,2003,Suburban,Excellent,Yes,554932
796,2202,4,3,1,2008,Mountain,Good,Yes,673379
797,3050,6,3,4,2019,Industrial,Good,Yes,395764
798,2488,3,3,1,2018,Countryside,Good,Yes,395573
799,790,1,2,2,1998,Rural,Fair,Yes,140648
800,1862,4,3,1,2024,Countryside,Excellent,Yes,502884
801,761,2,2,1,2003,Seaside,Good,No,317088
802,3880,7,6,1,2013,Seaside,Excellent,Yes,1392300
803,1454,3,3,2,2002,Urban,Good,Yes,416243
804,2035,3,2,1,1954,Mountain,Good,Yes,480861
805,1560,5,5,2,1977,Seaside,Fair,Yes,421730
806,2163,3,2,2,1982,Urban,Fair,No,388372
807,718,1,2,2,1982,Industrial,Fair,Yes,118679
808,1001,2,2,2,2021,Urban,Good,Yes,459173
809,945,2,1,1,1982,Industrial,Fair,Yes,113040
810,1925,4,3,2,2010,Urban,Poor,Yes,374751
811,1052,3,3,1,2022,Urban,Good,No,382491
812,1367,3,3,2,2010,Rural,Fair,Yes,244514
813,1682,3,4,1,2020,Rural,Good,Yes,278519
814,1143,3,3,1,1952,Industrial,Excellent,Yes,209898
815,1362,4,3,2,2003,Countryside,Fair,No,315158
816,2288,3,2,2,2006,Rural,Excellent,Yes,528264
817,1060,2,1,1,2005,Industrial,Good,No,138941
818,1239,2,1,2,2011,Industrial,Excellent,Yes,177641
819,1058,2,1,2,1962,Industrial,Fair,Yes,121176
820,1333,3,3,1,2013,Countryside,Good,Yes,268179
821,2461,3,3,1,1973,Rural,Fair,Yes,383043
822,2487,4,3,3,2007,Suburban,Fair,Yes,584516
823,2916,4,4,2,1991,Rural,Good,Yes,400011
824,2358,3,3,2,2007,Rural,Good,No,265548
825,2015,4,3,2,2017,Countryside,Good,No,300850
826,1241,2,2,2,1984,Downtown,Fair,Yes,306027
827,1326,3,3,2,1992,Rural,Poor,Yes,179266
828,2028,4,4,1,1964,Countryside,Fair,Yes,343254
829,2016,3,3,2,1990,Countryside,Good,Yes,331462
830,1738,4,3,1,1992,Rural,Fair,Yes,309954
831,1714,3,4,1,1998,Countryside,Good,No,231883
832,2109,3,3,2,1958,Industrial,Fair,Yes,275667
833,1708,3,2,2,2003,Industrial,Fair,No,229201
834,2057,3,3,2,2008,Urban,Good,Yes,653071
835,2103,5,3,1,2006,Suburban,Good,Yes,683656
836,1895,3,3,2,2023,Suburban,Excellent,No,580433
837,1087,1,1,1,1972,Rural,Poor,No,123264
838,2210,3,4,2,1991,Countryside,Poor,Yes,334055
839,2543,6,4,2,2000,Urban,Fair,No,551631
840,1538,4,4,2,1989,Downtown,Good,No,578430
841,1726,4,3,2,2001,Urban,Good,Yes,586715
842,2554,4,3,2,1992,Countryside,Good,No,424443
843,1734,4,2,2,1953,Seaside,Poor,No,276755
844,3183,6,4,3,2011,Rural,Good,Yes,528144
845,4123,5,4,1,2017,Downtown,Excellent,Yes,1338480
846,1866,3,3,2,1993,Rural,Poor,Yes,233576
847,1629,4,2,2,1995,Mountain,Fair,Yes,426163
848,1461,3,2,2,2023,Countryside,Excellent,Yes,393881
849,2087,4,3,3,2001,Suburban,Poor,Yes,317105
850,1820,5,5,2,2021,Suburban,Excellent,Yes,590923
851,1773,3,3,1,1982,Industrial,Fair,Yes,210062
852,2988,6,3,3,2006,Industrial,Good,Yes,433698
853,2372,4,3,1,2008,Countryside,Fair,Yes,452678
854,1746,4,4,2,2014,Industrial,Good,No,270629
855,2859,5,4,3,1972,Mountain,Good,Yes,993383
856,2678,6,4,2,1983,Downtown,Fair,No,785211
857,2145,5,4,2,2011,Downtown,Fair,Yes,471391
858,2885,6,4,1,2003,Mountain,Good,Yes,799803
859,1021,3,2,2,1987,Suburban,Poor,No,164583
860,1724,3,2,2,2021,Seaside,Fair,Yes,418548
861,1843,4,2,1,2016,Industrial,Excellent,Yes,392664
862,2861,5,3,2,1980,Mountain,Fair,Yes,590989
863,1096,3,3,1,1982,Urban,Good,No,336987
864,3425,6,5,3,2006,Industrial,Good,Yes,568426
865,2718,6,4,2,1998,Urban,Good,Yes,684764
866,2487,3,4,2,2013,Countryside,Excellent,No,487335
867,500,1,2,1,2022,Seaside,Good,No,260861
868,3016,5,3,4,2008,Rural,Good,Yes,507471
869,1336,2,1,2,1994,Downtown,Fair,No,262285
870,1825,5,3,2,2008,Suburban,Fair,Yes,317327
871,794,3,4,1,1996,Urban,Good,No,307931
872,2481,5,3,2,1999,Industrial,Fair,Yes,326084
873,2002,3,3,2,2011,Urban,Good,Yes,554335
874,2271,3,3,3,1988,Seaside,Fair,Yes,465563
875,2388,3,3,2,2000,Countryside,Good,No,419481
876,825,1,2,1,1998,Downtown,Fair,Yes,225847
877,3175,6,4,3,1967,Seaside,Good,Yes,1106178
878,1035,2,1,2,1968,Rural,Fair,Yes,119520
879,926,1,1,3,1977,Rural,Fair,Yes,111672
880,777,2,2,1,1967,Countryside,Poor,No,92106
881,1689,5,4,2,1969,Urban,Fair,No,247190
882,1004,3,2,1,2024,Seaside,Fair,No,179838
883,2195,5,4,1,2016,Countryside,Good,No,375534
884,1762,3,3,2,2019,Industrial,Good,Yes,269549
885,1009,2,1,2,1988,Industrial,Poor,Yes,117648
886,5268,6,4,3,2025,Seaside,Excellent,Yes,1668680
887,1335,3,3,1,1991,Seaside,Fair,No,304844
888,1683,3,2,1,2020,Urban,Excellent,Yes,589753
889,2351,3,3,2,1987,Downtown,Fair,Yes,644820
890,1501,4,2,2,2020,Rural,Good,Yes,347954
891,1277,3,4,1,2012,Suburban,Good,No,300141
892,1674,3,4,1,2010,Suburban,Good,Yes,384831
893,1056,3,3,1,2008,Suburban,Good,Yes,361814
894,1328,3,3,2,1986,Downtown,Poor,Yes,263485
895,1477,3,3,1,2015,Seaside,Good,Yes,577296
896,1887,3,3,2,2019,Rural,Good,Yes,419298
897,1713,5,4,2,1999,Seaside,Fair,No,429460
898,2313,3,3,2,2022,Industrial,Poor,Yes,228559
899,1440,3,3,2,2013,Countryside,Good,Yes,233772
900,2808,5,5,3,1997,Downtown,Fair,Yes,774250
901,2471,5,4,1,2019,Seaside,Good,Yes,892685
902,1152,3,4,1,2013,Mountain,Good,No,356963
903,1039,3,3,2,2003,Industrial,Good,Yes,226572
904,559,2,2,2,2007,Industrial,Fair,Yes,121036
905,3794,7,4,1,2022,Downtown,Excellent,Yes,1317940
906,4767,5,4,1,1994,Downtown,Excellent,Yes,1505920
907,1408,3,3,1,2023,Suburban,Fair,Yes,321587
908,1444,2,2,1,2019,Industrial,Good,Yes,277384
909,1311,3,3,2,1979,Mountain,Good,No,407996
910,1726,5,4,2,1985,Rural,Fair,No,258057
911,1215,3,2,1,1952,Urban,Poor,Yes,207293
912,934,1,2,1,1980,Suburban,Fair,Yes,200252
913,896,2,1,1,1971,Seaside,Poor,No,139916
914,1667,4,3,2,2002,Mountain,Fair,Yes,357738
915,700,1,1,1,1968,Industrial,Fair,No,95400
916,1500,3,2,2,2024,Mountain,Good,Yes,402438
917,1663,4,3,1,2005,Rural,Excellent,Yes,302726
918,2511,6,4,2,1997,Countryside,Good,No,359096
919,1038,4,3,2,2008,Industrial,Fair,Yes,245502
920,2358,3,3,2,2008,Countryside,Good,Yes,437600
921,1343,2,2,2,2013,Rural,Poor,Yes,173001
922,1090,2,1,2,2016,Rural,Excellent,Yes,282772
923,2100,4,2,1,2014,Downtown,Excellent,No,665040
924,1214,2,2,2,1989,Countryside,Poor,Yes,196630
925,1490,3,3,2,1991,Countryside,Good,No,235110
926,1692,3,2,1,1976,Urban,Fair,Yes,419699
927,3886,6,6,2,2018,Downtown,Excellent,Yes,1361360
928,1182,3,3,1,1983,Urban,Fair,No,275866
929,1931,3,3,2,2014,Mountain,Good,No,544043
930,1714,5,5,2,2014,Industrial,Good,Yes,284197
931,1408,2,2,1,1988,Seaside,Fair,No,301929
932,1948,5,4,1,2003,Mountain,Fair,Yes,483331
933,697,1,1,1,1968,Rural,Poor,Yes,95184
934,2933,6,3,2,2023,Countryside,Fair,No,466283
935,2350,4,3,2,2018,Mountain,Good,Yes,682564
936,1904,3,4,2,2000,Suburban,Good,Yes,490158
937,2019,3,3,1,1969,Downtown,Fair,Yes,471372
938,1387,3,3,2,2000,Suburban,Fair,Yes,394229
939,1634,4,2,2,2023,Seaside,Fair,Yes,443988
940,2338,3,3,1,2005,Suburban,Fair,Yes,525272
941,2463,3,3,2,1978,Mountain,Good,No,512942
942,1933,3,4,1,2013,Countryside,Excellent,Yes,503438
943,3893,6,6,1,1987,Downtown,Excellent,Yes,1363180
944,1140,1,1,2,1963,Industrial,Poor,Yes,127080
945,2361,3,3,2,1984,Downtown,Good,No,637017
946,1218,3,2,1,2018,Rural,Good,Yes,208094
947,2264,3,2,2,2012,Suburban,Poor,Yes,369426
948,1499,2,2,1,2003,Mountain,Fair,Yes,203833
949,1551,4,3,2,2009,Mountain,Poor,Yes,335200
950,2708,4,2,2,2023,Suburban,Excellent,Yes,531414
951,2420,4,3,2,2016,Seaside,Excellent,Yes,923348
952,1457,2,2,2,1997,Downtown,Good,No,384306
953,2287,4,3,3,2019,Rural,Fair,No,320978
954,1037,2,1,2,1991,Countryside,Poor,Yes,150825
955,1744,4,4,1,2002,Mountain,Poor,Yes,345094
956,1908,3,2,2,2008,Countryside,Good,Yes,452315
957,525,2,2,1,2012,Mountain,Excellent,No,267022
958,3181,4,3,2,1997,Mountain,Excellent,No,740252
959,1088,2,1,1,1964,Industrial,Poor,No,123336
960,1940,4,4,2,1996,Suburban,Fair,No,370206
961,1140,2,2,1,2016,Rural,Excellent,Yes,306408
962,5593,5,6,2,2006,Seaside,Excellent,Yes,1772680
963,1955,3,2,2,1988,Seaside,Poor,Yes,352710
964,2373,3,4,2,2024,Rural,Poor,Yes,289489
965,2995,6,3,2,2016,Downtown,Fair,Yes,967053
966,1492,2,2,2,1981,Rural,Poor,Yes,177687
967,1509,4,3,2,1994,Seaside,Fair,No,402779
968,1534,4,2,1,1952,Suburban,Excellent,Yes,422914
969,3317,7,5,2,1988,Seaside,Good,No,700123
970,2040,3,3,2,2012,Industrial,Good,No,308395
971,1853,4,4,2,1994,Countryside,Good,No,405705
972,2704,4,3,2,1981,Suburban,Fair,Yes,579533
973,1912,3,2,1,2007,Downtown,Fair,Yes,478567
974,2263,3,3,2,2003,Urban,Poor,Yes,373289
975,1425,2,2,2,1988,Industrial,Good,Yes,193503
976,1478,4,3,1,2007,Countryside,Good,Yes,355035
977,1101,2,1,1,2000,Mountain,Good,Yes,290065
978,1602,4,3,2,1994,Countryside,Fair,Yes,272706
979,1502,4,2,2,2019,Urban,Good,Yes,249671
980,974,1,2,1,1982,Countryside,Good,Yes,163167
981,1948,4,4,2,2014,Industrial,Fair,Yes,279425
982,1335,2,2,1,1974,Mountain,Fair,Yes,291557
983,1417,4,2,1,2019,Suburban,Good,Yes,386744
984,2531,5,3,2,1953,Suburban,Good,Yes,557928
985,3400,7,3,3,2018,Seaside,Poor,Yes,691763
986,1682,4,4,2,1971,Urban,Fair,Yes,420221
987,1687,3,3,1,2006,Urban,Fair,Yes,552557
988,2078,5,4,3,1985,Downtown,Fair,Yes,628475
989,1633,3,3,2,2001,Urban,Excellent,Yes,538434
990,1734,3,2,1,1983,Industrial,Fair,Yes,191546
991,3524,7,4,2,1997,Seaside,Excellent,Yes,1247740
992,2104,5,4,1,1981,Suburban,Good,Yes,346149
993,1614,3,3,2,2017,Urban,Good,Yes,545952
994,1872,4,3,2,1952,Seaside,Poor,Yes,374652
995,1766,3,2,2,2008,Seaside,Good,Yes,553232
996,1183,3,4,1,1994,Mountain,Fair,No,344810
997,2076,3,4,1,2006,Countryside,Good,Yes,315405
998,941,1,2,1,2009,Rural,Poor,Yes,139598
999,2390,4,3,1,1978,Countryside,Fair,Yes,457805
1000,1353,3,3,2,1998,Countryside,Good,No,246844
1001,2280,3,3,2,2022,Suburban,Good,Yes,709037
1002,2630,5,4,1,2023,Countryside,Excellent,Yes,730312
1003,2861,5,4,2,1993,Downtown,Poor,Yes,599770
1004,3022,7,3,3,2008,Seaside,Poor,Yes,573933
1005,2179,4,3,2,1998,Downtown,Good,Yes,624569
1006,1225,3,2,2,1999,Seaside,Good,No,321205
1007,5061,6,5,1,2002,Seaside,Excellent,Yes,1640860
1008,1902,5,4,1,2017,Industrial,Good,No,287973
1009,1565,3,3,2,2018,Industrial,Good,Yes,294196
1010,2054,3,4,2,2018,Urban,Good,Yes,574077
1011,500,2,2,2,2012,Urban,Good,Yes,280690
1012,2194,4,3,2,2018,Downtown,Fair,Yes,657052
1013,1354,3,3,2,2018,Downtown,Excellent,No,518143
1014,2733,5,3,1,1984,Industrial,Fair,Yes,329925
1015,1459,3,4,2,2005,Rural,Poor,Yes,231461
1016,578,2,2,1,1999,Seaside,Good,No,275183
1017,2070,4,3,2,2023,Urban,Good,Yes,616305
1018,1118,3,3,1,2015,Rural,Good,Yes,284367
1019,2843,5,4,2,2000,Suburban,Good,Yes,666419
1020,2472,4,3,2,1986,Urban,Fair,Yes,595295
1021,1947,4,3,2,2016,Urban,Good,Yes,660606
1022,1561,4,2,2,2008,Downtown,Fair,Yes,413950
1023,1975,3,3,2,1977,Urban,Fair,Yes,545255
1024,1730,4,4,2,1986,Industrial,Good,No,300310
1025,2231,5,4,2,2003,Rural,Fair,Yes,447080
1026,2062,3,3,2,2015,Industrial,Good,Yes,328974
1027,2060,5,5,1,1975,Rural,Fair,Yes,224275
1028,1683,4,3,2,1990,Urban,Fair,Yes,524807
1029,1750,4,3,1,1976,Downtown,Poor,Yes,420898
1030,1115,2,2,1,1991,Seaside,Fair,Yes,303596
1031,1004,3,3,1,1989,Rural,Excellent,Yes,293765
1032,2297,4,3,1,2014,Rural,Fair,Yes,299202
1033,1529,3,3,2,1998,Countryside,Good,No,254446
1034,999,3,4,1,2017,Seaside,Poor,No,293212
1035,2221,5,4,2,2004,Seaside,Fair,Yes,722747
1036,2961,6,3,2,1974,Urban,Fair,Yes,593951
1037,1810,4,2,1,2013,Urban,Good,Yes,635231
1038,2584,5,5,2,2003,Mountain,Fair,Yes,507575
1039,1274,4,3,2,1984,Urban,Excellent,No,502143
1040,1100,4,3,1,1997,Countryside,Good,No,190432
1041,1563,4,3,2,2014,Suburban,Fair,Yes,269145
1042,1587,3,3,2,1988,Mountain,Poor,Yes,342341
1043,2118,3,4,2,2004,Rural,Good,Yes,399456
1044,2126,3,3,2,2009,Suburban,Poor,No,332042
1045,1734,4,3,2,1993,Urban,Poor,No,313669
1046,2278,3,4,3,2010,Suburban,Good,No,590409
1047,1337,2,1,2,2003,Industrial,Fair,Yes,216881
1048,1629,3,3,1,2012,Downtown,Good,Yes,492101
1049,1336,3,3,2,2004,Countryside,Fair,Yes,262083
1050,2385,3,3,3,1996,Urban,Fair,Yes,711650
1051,2428,3,2,2,1983,Suburban,Good,Yes,437215
1052,2555,4,2,2,2019,Seaside,Fair,Yes,795655
1053,1547,3,4,2,1996,Suburban,Good,Yes,458348
1054,747,1,2,2,1992,Countryside,Fair,Yes,104778
1055,2222,3,4,3,2024,Rural,Fair,Yes,364407
1056,2461,3,2,2,1977,Mountain,Poor,Yes,459152
1057,1641,4,2,1,1984,Rural,Fair,Yes,218497
1058,3167,4,4,4,2005,Seaside,Fair,Yes,666671
1059,881,1,2,1,1973,Mountain,Good,Yes,264062
1060,2223,3,3,2,2003,Mountain,Excellent,Yes,543877
1061,1756,5,3,2,2022,Mountain,Excellent,Yes,576998
1062,1368,2,2,2,2008,Industrial,Good,Yes,201643
1063,1028,3,3,1,1981,Seaside,Fair,No,218968
1064,1974,3,3,2,1989,Urban,Poor,Yes,349147
1065,2243,5,3,2,2005,Seaside,Good,Yes,855526
1066,2509,5,4,3,1982,Urban,Poor,Yes,480132
1067,2550,6,3,2,1991,Seaside,Fair,Yes,545609
1068,1644,3,3,2,2014,Countryside,Good,Yes,296469
1069,1415,2,2,2,1996,Industrial,Fair,No,201205
1070,2687,4,3,2,2017,Downtown,Good,Yes,797850
1071,2334,3,4,1,2024,Urban,Excellent,Yes,915152
1072,813,2,2,1,2006,Rural,Good,No,149462
1073,1722,3,3,1,2010,Mountain,Fair,No,323746
1074,1910,5,4,1,2010,Suburban,Poor,Yes,402113
1075,2458,4,3,2,1992,Industrial,Excellent,Yes,468315
1076,2086,3,4,3,2021,Seaside,Good,Yes,680679
1077,2443,3,3,2,2015,Rural,Good,Yes,354714
1078,1233,3,2,2,2007,Downtown,Fair,Yes,487859
1079,1931,4,3,1,1998,Suburban,Fair,Yes,480549
1080,1032,3,3,2,2004,Rural,Good,No,247031
1081,1396,3,4,1,1983,Seaside,Good,No,437727
1082,1109,2,2,1,1981,Suburban,Fair,Yes,236423
1083,1337,3,3,2,2012,Countryside,Fair,Yes,248537
1084,2193,4,2,2,1991,Mountain,Fair,Yes,328025
1085,2171,4,2,2,2009,Industrial,Fair,Yes,339895
1086,2565,6,4,2,2009,Urban,Excellent,Yes,922461
1087,1787,4,3,1,1989,Urban,Poor,No,271492
1088,2329,4,3,3,1967,Countryside,Excellent,Yes,610727
1089,1371,2,2,2,2002,Industrial,Fair,Yes,222331
1090,1258,4,2,2,1970,Suburban,Good,Yes,327275
1091,1806,3,3,2,1955,Countryside,Fair,No,189044
1092,1296,2,2,2,2002,Urban,Good,Yes,375517
1093,2237,5,4,1,2017,Industrial,Poor,Yes,308589
1094,1995,3,3,1,2009,Countryside,Good,Yes,415808
1095,3782,7,5,2,2014,Seaside,Excellent,Yes,1340820
1096,895,1,1,1,1986,Industrial,Fair,No,109440
1097,2424,3,3,3,1997,Rural,Poor,Yes,236496
1098,1837,4,4,2,2018,Suburban,Good,Yes,573884
1099,1916,4,4,2,2011,Urban,Good,Yes,584766
1100,1377,3,3,1,1990,Mountain,Poor,Yes,303092
1101,2056,4,3,2,2022,Industrial,Excellent,Yes,506109
1102,1304,3,3,1,2025,Rural,Excellent,Yes,308357
1103,1975,4,4,1,1959,Mountain,Fair,Yes,388419
1104,1677,5,5,2,2007,Industrial,Fair,No,256597
1105,1930,4,4,1,1986,Rural,Good,Yes,303453
1106,1567,4,3,1,2007,Suburban,Excellent,No,448017
1107,1668,3,3,1,2002,Countryside,Poor,No,198377
1108,1180,2,2,1,1975,Industrial,Fair,Yes,166935
1109,500,2,2,1,1990,Downtown,Fair,Yes,227964
1110,2316,4,4,2,2014,Suburban,Good,Yes,628008
1111,2825,4,3,1,1972,Rural,Good,No,397170
1112,2192,4,3,2,2008,Rural,Fair,Yes,353143
1113,2150,5,4,2,1992,Industrial,Fair,Yes,282787
1114,2159,4,4,3,1981,Urban,Good,Yes,632160
1115,1461,3,2,2,2003,Mountain,Fair,No,250258
1116,1489,3,3,2,2003,Suburban,Good,Yes,393177
1117,1635,3,2,2,1953,Suburban,Poor,No,203395
1118,2152,3,3,2,2024,Suburban,Excellent,Yes,474672
1119,2256,3,3,1,2021,Downtown,Poor,Yes,448314
1120,1460,2,2,1,2009,Urban,Good,Yes,570090
1121,1686,4,3,2,2015,Suburban,Excellent,Yes,626938
1122,1438,3,3,2,1989,Downtown,Good,Yes,510576
1123,2105,3,4,2,1986,Rural,Fair,Yes,358134
1124,2581,6,4,1,2008,Downtown,Good,Yes,698746
1125,1464,3,4,2,1998,Suburban,Fair,Yes,323405
1126,1944,4,3,2,1986,Downtown,Poor,Yes,312269
1127,592,1,1,1,2012,Rural,Good,Yes,146041
1128,2509,7,5,1,2025,Industrial,Excellent,Yes,578524
1129,1029,2,1,3,1961,Rural,Fair,Yes,119088
1130,3200,6,4,2,1993,Countryside,Fair,No,421287
1131,2786,6,4,2,2018,Downtown,Good,Yes,697128
1132,1309,3,3,1,1997,Rural,Excellent,No,133076
1133,3072,5,4,4,1979,Downtown,Fair,Yes,858116
1134,1734,3,3,2,2000,Rural,Poor,No,224090
1135,2955,6,4,2,1999,Mountain,Good,Yes,630861
1136,1777,3,2,2,2011,Downtown,Fair,No,398091
1137,2371,3,3,2,1983,Downtown,Good,Yes,734485
1138,2595,5,4,3,2011,Mountain,Good,No,685245
1139,2129,3,3,1,2011,Rural,Fair,No,318476
1140,1999,4,3,2,2000,Downtown,Good,Yes,719546
1141,1750,4,3,2,1995,Urban,Poor,Yes,438497
1142,1828,3,3,2,1979,Suburban,Good,No,273801
1143,2196,3,3,2,2018,Rural,Fair,Yes,317295
1144,2903,7,3,3,2021,Suburban,Good,Yes,734744
1145,1105,4,2,2,2003,Downtown,Poor,Yes,217838
1146,2024,5,4,2,2010,Urban,Poor,Yes,538989
1147,851,1,1,1,1986,Rural,Fair,No,106272
1148,1938,3,3,2,2016,Mountain,Fair,No,476419
1149,2327,5,3,3,1993,Downtown,Fair,No,458084
1150,1534,5,4,2,1973,Urban,Poor,Yes,291513
1151,1503,3,3,2,2012,Suburban,Good,Yes,321660
1152,1370,3,3,2,2002,Downtown,Excellent,Yes,668119
1153,2274,4,3,2,2011,Rural,Good,Yes,397667
1154,2406,4,3,1,2013,Seaside,Excellent,No,555846
1155,2496,3,3,2,1997,Urban,Good,Yes,606509
1156,1951,4,2,1,2015,Suburban,Good,Yes,405350
1157,2162,5,3,1,2024,Downtown,Good,Yes,661264
1158,2631,5,5,3,1995,Urban,Fair,Yes,647750
1159,1021,2,1,1,2024,Mountain,Excellent,Yes,381866
1160,1911,5,3,1,1985,Countryside,Fair,Yes,384685
1161,2691,4,3,2,1995,Urban,Fair,Yes,414636
1162,2192,3,3,3,2025,Seaside,Good,No,618148
1163,966,2,2,1,2011,Seaside,Good,Yes,304861
1164,1515,3,3,2,1969,Seaside,Good,No,355247
1165,5253,7,5,1,2004,Seaside,Excellent,Yes,1723280
1166,1809,4,4,1,1976,Rural,Fair,Yes,261593
1167,2004,3,3,2,1992,Downtown,Fair,No,467691
1168,2338,3,3,1,2008,Industrial,Poor,No,229810
1169,914,1,1,1,1980,Seaside,Fair,Yes,257913
1170,1650,4,3,1,1971,Urban,Fair,No,439269
1171,887,2,2,1,1978,Suburban,Poor,No,98269
1172,1395,3,3,2,1987,Downtown,Fair,No,408194
1173,693,2,1,2,1963,Industrial,Fair,Yes,94896
1174,2469,3,3,2,1995,Urban,Poor,Yes,464983
1175,1221,3,3,2,2020,Rural,Good,Yes,273445
1176,911,1,2,1,1979,Rural,Good,Yes,164470
1177,1703,3,3,2,2001,Industrial,Fair,Yes,225574
1178,1483,2,1,1,2001,Downtown,Excellent,Yes,358900
1179,1597,5,4,2,2005,Suburban,Fair,Yes,476218
1180,2052,4,3,2,2009,Urban,Good,Yes,578319
1181,3116,4,3,2,1986,Seaside,Fair,Yes,776609
1182,1116,1,1,1,1967,Rural,Poor,Yes,125352
1183,1100,3,4,2,1980,Urban,Fair,Yes,255897
1184,1906,3,3,1,2012,Seaside,Fair,Yes,416071
1185,2778,4,3,2,2023,Urban,Excellent,Yes,953949
1186,1420,3,3,1,2005,Seaside,Poor,No,308379
1187,1179,1,1,2,1989,Industrial,Poor,Yes,129888
1188,2368,5,4,2,2004,Industrial,Good,Yes,323289
1189,1453,4,3,1,1984,Rural,Good,Yes,293560
1190,2143,5,4,1,1996,Industrial,Good,Yes,431389
1191,1559,3,3,1,2013,Suburban,Fair,Yes,254393
1192,1932,3,2,2,1980,Downtown,Poor,Yes,394547
1193,1912,4,3,2,1978,Mountain,Fair,No,323733
1194,1369,4,3,1,2022,Suburban,Good,Yes,334553
1195,2002,3,3,2,1983,Downtown,Fair,Yes,548083
1196,1166,3,4,1,2015,Downtown,Fair,Yes,419443
1197,2086,3,3,2,2007,Downtown,Good,Yes,577827
1198,771,2,2,2,1992,Urban,Fair,Yes,253384
1199,1333,3,2,2,2012,Countryside,Fair,Yes,306233
1200,994,1,1,2,1976,Industrial,Fair,Yes,116568
1201,2428,4,3,3,2004,Rural,Fair,Yes,310774
1202,2479,3,4,3,2004,Urban,Fair,No,615457
1203,1705,3,3,1,2014,Urban,Good,Yes,501741
1204,2197,4,3,1,1982,Industrial,Good,Yes,318364
1205,2559,4,4,2,2007,Rural,Fair,Yes,412459
1206,2352,3,3,1,2016,Suburban,Good,Yes,635204
1207,867,1,2,1,2004,Seaside,Poor,Yes,215492
1208,2628,4,3,2,2004,Countryside,Poor,No,273472
1209,5535,5,4,2,1998,Seaside,Excellent,Yes,1705600
1210,1453,3,3,2,2000,Industrial,Fair,Yes,203112
1211,1279,4,2,2,2005,Industrial,Fair,Yes,203966
1212,2317,3,4,2,2023,Countryside,Good,Yes,521843
1213,2672,5,4,1,1992,Suburban,Good,Yes,463157
1214,2123,5,4,2,1993,Suburban,Poor,Yes,326922
1215,1890,4,3,2,2008,Countryside,Fair,Yes,238665
1216,1641,5,3,1,2008,Downtown,Poor,Yes,330115
1217,901,2,2,1,1960,Countryside,Fair,Yes,173777
1218,1346,2,1,2,2000,Countryside,Fair,No,173625
1219,1829,4,3,1,1995,Rural,Good,Yes,321149
1220,1031,3,2,1,2022,Urban,Good,Yes,339731
1221,2486,3,3,2,1996,Seaside,Fair,Yes,586048
1222,1380,3,3,1,2021,Suburban,Good,No,364697
1223,1620,4,3,2,2019,Countryside,Good,Yes,468861
1224,858,3,2,1,1983,Urban,Good,Yes,329559
1225,1924,3,3,2,1980,Suburban,Fair,Yes,403652
1226,1123,4,3,2,1975,Suburban,Fair,No,254674
1227,2130,5,4,3,1999,Mountain,Good,Yes,576625
1228,1473,3,2,2,2002,Urban,Good,Yes,467836
1229,4268,5,6,2,1990,Downtown,Excellent,Yes,1428180
1230,1607,3,4,2,1994,Countryside,Fair,Yes,319456
1231,2022,5,5,2,2007,Mountain,Fair,Yes,447159
1232,1624,3,3,1,2010,Suburban,Poor,Yes,273509
1233,3694,4,4,2,1968,Seaside,Good,Yes,1025890
1234,2786,4,2,1,2001,Industrial,Good,Yes,394248
1235,5961,7,6,2,2023,Seaside,Excellent,Yes,1933360
1236,1911,5,4,1,1971,Downtown,Fair,No,350483
1237,1406,3,2,2,2005,Suburban,Good,Yes,448319
1238,2478,5,4,1,2016,Urban,Good,Yes,708110
1239,2760,4,3,2,1957,Seaside,Fair,Yes,557176
1240,1811,4,4,2,2022,Seaside,Good,Yes,705955
1241,5254,7,4,2,2022,Downtown,Excellent,Yes,1697540
1242,1183,2,1,2,2016,Industrial,Good,Yes,214142
1243,2515,5,5,1,2010,Urban,Poor,Yes,492295
1244,500,2,1,1,2009,Suburban,Good,Yes,198209
1245,1886,5,4,2,2024,Countryside,Fair,Yes,392002
1246,2115,4,3,2,1988,Industrial,Fair,Yes,223032
1247,2545,4,3,2,1979,Seaside,Fair,Yes,722514
1248,1382,3,3,2,2014,Suburban,Excellent,No,476388
1249,1375,2,2,1,2012,Suburban,Fair,No,286536
1250,1071,1,1,2,1978,Industrial,Poor,No,122112
1251,1700,4,3,2,1991,Mountain,Fair,Yes,457901
1252,2395,4,2,2,2002,Seaside,Fair,Yes,605836
1253,2077,3,3,1,2014,Rural,Excellent,Yes,408463
1254,2440,5,5,2,1950,Mountain,Excellent,Yes,546262
1255,2296,3,3,2,2008,Mountain,Fair,Yes,472427
1256,1416,3,4,2,2014,Industrial,Good,Yes,223512
1257,1545,3,3,2,2014,Seaside,Fair,Yes,389670
1258,3830,5,4,2,1968,Seaside,Excellent,Yes,1262300
1259,2134,4,2,1,2002,Urban,Fair,Yes,354998
1260,1311,2,2,2,1992,Urban,Excellent,Yes,445392
1261,1580,3,3,2,2023,Industrial,Excellent,Yes,342106
1262,896,2,1,2,1974,Rural,Fair,No,109512
1263,1456,2,2,1,2017,Seaside,Good,No,282872
1264,1823,4,2,2,2013,Industrial,Good,Yes,202076
1265,2371,3,4,3,1981,Countryside,Fair,Yes,358184
1266,2825,4,2,2,2024,Industrial,Good,Yes,336842
1267,2713,5,3,2,2000,Industrial,Fair,Yes,315847
1268,2035,3,3,1,1991,Seaside,Good,Yes,447565
1269,1392,3,3,2,2011,Countryside,Good,Yes,293961
1270,1012,4,3,1,1994,Countryside,Fair,No,259839
1271,2301,4,3,2,1981,Industrial,Fair,No,216939
1272,1679,5,5,1,2015,Seaside,Poor,Yes,580333
1273,779,3,3,2,2005,Mountain,Good,Yes,287919
1274,2901,4,3,2,2011,Countryside,Good,Yes,486731
1275,1903,4,4,2,2003,Suburban,Fair,No,371632
1276,2305,4,3,2,1999,Suburban,Fair,Yes,602711
1277,1757,5,3,2,1993,Suburban,Fair,Yes,380128
1278,672,1,1,2,2011,Countryside,Good,Yes,194269
1279,2850,4,3,2,1994,Downtown,Poor,Yes,503577
1280,1651,4,4,2,1989,Seaside,Good,Yes,537270
1281,1715,4,3,2,2005,Countryside,Fair,Yes,332727
1282,2920,7,4,2,2019,Seaside,Excellent,No,876075
1283,1525,3,2,2,2018,Rural,Good,Yes,253572
1284,2524,6,5,2,2012,Industrial,Fair,Yes,329004
1285,2719,4,4,2,2011,Downtown,Poor,Yes,597943
1286,1425,2,2,2,2005,Industrial,Good,No,234793
1287,1911,4,3,2,2004,Rural,Poor,No,207975
1288,2831,6,4,2,2004,Countryside,Good,No,522195
1289,886,3,3,2,1990,Rural,Fair,Yes,169351
1290,1869,4,3,1,1964,Seaside,Poor,No,327866
1291,1946,5,3,1,2019,Mountain,Good,Yes,610528
1292,1341,4,3,2,2023,Seaside,Good,Yes,422982
1293,1963,4,2,1,2010,Industrial,Poor,Yes,222491
1294,1872,5,4,2,1979,Seaside,Fair,No,426196
1295,1359,4,2,2,1994,Seaside,Fair,No,308748
1296,2327,3,3,2,2006,Suburban,Good,Yes,487161
1297,1236,4,4,2,2019,Urban,Poor,No,217200
1298,2423,5,3,3,2004,Mountain,Good,Yes,720323
1299,1633,4,2,2,1997,Seaside,Good,No,399657
1300,1555,3,2,2,2016,Downtown,Excellent,No,668360
1301,2527,6,4,2,2017,Rural,Poor,Yes,355277
1302,1994,5,4,2,1983,Rural,Fair,Yes,340279
1303,1466,2,2,1,2022,Urban,Fair,Yes,349251
1304,1728,4,2,1,2018,Downtown,Fair,Yes,418169
1305,2269,5,3,1,2003,Seaside,Good,Yes,666682
1306,1146,3,2,1,1985,Rural,Poor,No,104332
1307,1001,3,2,1,1990,Downtown,Poor,No,210630
1308,2097,4,3,1,2003,Mountain,Fair,Yes,433850
1309,2872,6,4,2,1992,Rural,Good,Yes,457784
1310,2003,3,3,2,2007,Urban,Good,No,543396
1311,2964,4,3,2,2001,Industrial,Good,Yes,414998
1312,2659,7,3,1,2018,Seaside,Fair,Yes,696589
1313,2052,3,3,2,2013,Urban,Poor,Yes,464271
1314,2295,3,3,3,2010,Rural,Fair,Yes,397143
1315,1601,4,2,1,1983,Seaside,Fair,No,380287
1316,1907,4,2,2,2012,Seaside,Excellent,No,696657
1317,1530,3,3,2,1987,Downtown,Fair,Yes,398649
1318,2945,7,3,3,1980,Industrial,Good,Yes,335876
1319,1765,5,4,2,2005,Suburban,Good,Yes,456458
1320,1511,3,3,2,2001,Urban,Excellent,Yes,631982
1321,2165,5,4,2,1978,Industrial,Fair,Yes,273859
1322,2272,5,4,2,2007,Industrial,Poor,Yes,203022
1323,1827,4,4,1,1995,Industrial,Poor,Yes,203864
1324,1391,2,2,1,2002,Seaside,Good,Yes,393311
1325,1314,3,3,2,1970,Industrial,Poor,No,112226
1326,1654,4,3,2,2011,Rural,Excellent,Yes,302127
1327,2811,6,4,2,2001,Seaside,Fair,No,547396
1328,660,2,1,1,1968,Industrial,Poor,No,92520
1329,1480,2,2,1,2018,Urban,Good,No,418885
1330,2091,4,4,2,2001,Rural,Fair,Yes,448386
1331,1293,3,2,1,1989,Countryside,Good,Yes,265447
1332,1295,2,2,1,1978,Countryside,Good,No,202910
1333,1975,4,4,2,2017,Mountain,Good,No,506090
1334,1935,4,3,2,1989,Suburban,Fair,Yes,490036
1335,1161,4,3,2,2002,Urban,Good,Yes,462989
1336,1900,4,3,2,2012,Urban,Good,No,437213
1337,1571,5,4,2,1973,Countryside,Good,Yes,397774
1338,1835,4,2,2,2016,Suburban,Excellent,Yes,643938
1339,1406,4,2,1,2000,Suburban,Good,No,340250
1340,1856,4,2,1,2011,Suburban,Good,Yes,329302
1341,1963,5,4,1,2018,Industrial,Fair,Yes,356774
1342,1427,3,2,2,2013,Urban,Excellent,No,630010
1343,1500,3,3,2,2013,Mountain,Good,Yes,400106
1344,962,1,1,1,1962,Rural,Fair,No,114763
1345,1086,1,1,1,1970,Rural,Poor,Yes,123192
1346,904,2,1,2,1963,Industrial,Poor,Yes,110088
1347,2321,4,3,2,1991,Seaside,Good,Yes,515288
1348,2173,3,3,3,1969,Industrial,Fair,Yes,276829
1349,2292,4,3,2,1984,Downtown,Good,No,539247
1350,2157,3,3,2,2000,Seaside,Good,Yes,643303
1351,3145,7,4,4,1991,Countryside,Fair,Yes,438011
1352,1087,1,1,3,1976,Rural,Fair,Yes,123264
1353,2082,4,2,2,2009,Suburban,Excellent,Yes,612053
1354,2330,4,4,1,2016,Industrial,Fair,Yes,357486
1355,1689,3,3,2,2005,Downtown,Good,Yes,493825
1356,770,1,1,1,2008,Urban,Good,Yes,243834
1357,944,1,1,1,1975,Industrial,Fair,Yes,112968
1358,2458,3,4,1,1990,Seaside,Fair,Yes,605066
1359,2619,4,3,2,1994,Urban,Poor,Yes,466657
1360,1934,4,3,2,2004,Industrial,Good,Yes,326761
1361,3002,4,3,2,1972,Suburban,Poor,Yes,427421
1362,1413,3,3,2,1997,Countryside,Excellent,Yes,249645
1363,1717,5,4,2,1995,Industrial,Poor,No,145434
1364,1968,3,4,2,1974,Mountain,Poor,No,276101
1365,2474,4,3,2,2007,Seaside,Good,No,675853
1366,1012,3,3,1,1972,Suburban,Fair,No,234815
1367,1198,3,3,1,2010,Mountain,Good,Yes,458322
1368,2304,5,3,2,2015,Seaside,Poor,Yes,592962
1369,670,3,3,1,2019,Urban,Good,Yes,259038
1370,694,2,1,2,1971,Industrial,Fair,Yes,94968
1371,2264,4,3,2,2011,Mountain,Poor,Yes,510922
1372,2335,5,5,3,1953,Mountain,Poor,Yes,421030
1373,1605,5,3,2,2025,Suburban,Fair,Yes,422719
1374,2344,4,3,2,2024,Industrial,Good,Yes,392480
1375,1547,5,3,2,1971,Urban,Good,No,560739
1376,1193,2,1,1,1975,Industrial,Fair,Yes,130896
1377,1390,3,2,2,1981,Industrial,Good,Yes,261150
1378,1073,4,4,2,2011,Countryside,Excellent,Yes,388339
1379,1816,4,3,1,2014,Downtown,Excellent,Yes,1019597
1380,2133,3,3,1,1998,Downtown,Good,Yes,621795
1381,871,2,2,1,1991,Downtown,Poor,Yes,231505
1382,2859,4,2,2,1991,Seaside,Excellent,Yes,983537
1383,1133,1,1,2,1965,Rural,Fair,Yes,126576
1384,2933,5,5,2,1984,Countryside,Good,Yes,389785
1385,556,1,1,2,2008,Mountain,Fair,Yes,177499
1386,1953,5,3,2,2002,Downtown,Good,Yes,536784
1387,1456,2,1,2,2000,Rural,Excellent,No,297558
1388,2135,4,3,2,1996,Mountain,Good,Yes,656170
1389,2414,3,3,2,1996,Urban,Fair,Yes,632465
1390,2650,5,4,1,2002,Rural,Fair,Yes,371193
1391,2155,3,3,1,1973,Suburban,Fair,Yes,427152
1392,1829,4,3,1,2010,Suburban,Fair,No,416520
1393,1992,3,4,1,2025,Urban,Good,Yes,608511
1394,2297,3,3,3,1991,Countryside,Fair,Yes,379161
1395,1492,3,2,1,1981,Countryside,Poor,Yes,187660
1396,1992,4,3,1,2000,Countryside,Good,No,383674
1397,2360,4,2,2,2010,Mountain,Fair,Yes,533863
1398,5446,7,5,2,2000,Downtown,Excellent,Yes,1773460
1399,2234,3,3,1,2024,Urban,Good,Yes,706251
1400,1049,3,2,1,1975,Rural,Good,No,178673
1401,2212,3,3,2,2014,Industrial,Good,Yes,360338
1402,500,1,2,1,1991,Seaside,Fair,Yes,178042
1403,776,2,2,1,2016,Industrial,Good,Yes,178470
1404,1620,3,3,2,2025,Industrial,Fair,Yes,228948
1405,2035,4,4,3,1985,Suburban,Poor,Yes,302373
1406,3282,4,3,2,2006,Downtown,Good,Yes,817109
1407,2221,5,4,2,2000,Suburban,Fair,Yes,414341
1408,1458,2,2,2,1972,Mountain,Fair,Yes,319659
1409,1211,3,2,2,2015,Rural,Good,No,199742
1410,2594,7,3,3,1982,Industrial,Poor,Yes,179813
1411,1904,3,3,2,1992,Seaside,Good,Yes,486330
1412,1536,4,4,1,1998,Seaside,Good,Yes,500050
1413,1371,3,3,2,2016,Suburban,Fair,Yes,428947
1414,1613,3,3,1,2014,Urban,Good,Yes,422753
1415,1714,4,3,1,1982,Seaside,Fair,Yes,453678
1416,1290,4,3,1,1958,Urban,Fair,No,295289
1417,5042,7,6,2,1995,Downtown,Excellent,Yes,1694420
1418,1871,4,4,1,1952,Mountain,Fair,Yes,445094
1419,1592,4,2,1,1961,Mountain,Good,No,339043
1420,2319,4,3,2,2004,Urban,Fair,Yes,606121
1421,2909,6,4,2,2022,Urban,Fair,No,498028
1422,2867,6,4,1,1985,Suburban,Good,Yes,789304
1423,3003,6,3,2,2005,Mountain,Good,Yes,730495
1424,3669,6,4,1,2008,Downtown,Excellent,Yes,1252940
1425,1753,4,3,2,1971,Countryside,Good,No,365383
1426,1985,5,3,2,2014,Countryside,Good,Yes,357602
1427,4156,5,5,2,1981,Seaside,Excellent,Yes,1373060
1428,1283,3,3,1,2022,Rural,Good,Yes,258038
1429,2410,5,4,1,1991,Suburban,Poor,No,280998
1430,2150,3,3,2,2003,Rural,Fair,No,272448
1431,563,1,2,1,2002,Mountain,Good,No,197003
1432,2714,5,5,2,1971,Urban,Fair,Yes,564729
1433,768,2,1,2,1968,Rural,Poor,Yes,100296
1434,1706,3,3,1,1976,Urban,Fair,Yes,382414
1435,1768,3,3,2,2019,Suburban,Good,Yes,474978
1436,1642,5,4,2,2010,Downtown,Good,No,577484
1437,1799,3,3,1,2004,Mountain,Good,Yes,566570
1438,1703,4,3,1,1979,Downtown,Good,Yes,555276
1439,1884,3,3,2,2006,Seaside,Poor,Yes,479674
1440,1975,4,3,1,1977,Rural,Fair,Yes,307880
1441,2496,4,3,2,2012,Industrial,Good,Yes,360907
1442,500,3,2,1,2009,Suburban,Fair,Yes,248454
1443,2257,3,3,3,2016,Downtown,Good,Yes,836622
1444,2046,3,3,3,1983,Mountain,Poor,No,266809
1445,2211,5,3,2,1959,Suburban,Fair,No,358857
1446,3409,6,4,3,1985,Seaside,Fair,No,619339
1447,1958,4,3,1,2023,Urban,Excellent,No,500505
1448,1237,3,4,2,2006,Downtown,Good,Yes,426180
1449,1447,3,3,2,1976,Mountain,Fair,No,263774
1450,2626,5,4,2,2024,Seaside,Excellent,Yes,839055
1451,1156,3,4,1,2021,Mountain,Good,Yes,438713
1452,1590,4,3,1,2007,Seaside,Good,Yes,451048
1453,2533,6,4,3,2010,Urban,Good,No,500905
1454,2351,3,3,1,2018,Seaside,Good,Yes,552034
1455,1044,3,2,1,2020,Industrial,Good,Yes,195308
1456,905,2,1,1,1973,Rural,Poor,No,110160
1457,1884,3,3,2,2004,Urban,Fair,Yes,358979
1458,1006,2,1,3,1967,Rural,Poor,Yes,117432
1459,2854,4,3,1,2008,Suburban,Fair,Yes,574540
1460,1128,4,3,1,2002,Seaside,Fair,Yes,446282
1461,1998,5,4,2,2014,Mountain,Excellent,Yes,651633
1462,1312,2,2,2,1990,Mountain,Poor,Yes,245785
1463,2438,3,3,1,1999,Mountain,Poor,Yes,545419
1464,2957,6,4,2,1992,Seaside,Good,Yes,935974
1465,1636,3,2,1,1984,Countryside,Fair,Yes,190233
1466,686,3,3,1,1997,Mountain,Good,Yes,228763
1467,503,1,1,1,2006,Urban,Good,Yes,213119
1468,905,2,2,1,1987,Urban,Poor,No,188268
1469,1775,3,3,2,1997,Downtown,Fair,Yes,439871
1470,904,2,1,1,2018,Countryside,Good,No,170017
1471,2432,4,3,1,2007,Rural,Good,Yes,463634
1472,1784,5,5,2,1968,Suburban,Poor,Yes,345145
1473,1308,3,3,2,2023,Rural,Fair,Yes,286711
1474,1777,4,4,1,2000,Rural,Fair,Yes,300241
1475,1370,4,3,1,2008,Countryside,Good,No,357223
1476,2750,5,5,3,2009,Seaside,Fair,Yes,751622
1477,1376,3,3,2,2017,Mountain,Fair,Yes,355862
1478,1713,3,2,2,2013,Countryside,Good,Yes,283774
1479,811,1,1,2,1975,Rural,Fair,No,103392
1480,1008,3,3,1,2017,Industrial,Fair,Yes,148512
1481,2478,4,3,3,1994,Suburban,Fair,Yes,488863
1482,4298,5,4,2,2006,Downtown,Excellent,Yes,1383980
1483,2363,3,4,2,1958,Urban,Fair,Yes,507281
1484,2052,3,3,2,2018,Downtown,Good,Yes,769018
1485,1964,5,4,2,1989,Mountain,Fair,No,397483
1486,2211,3,4,3,1995,Suburban,Poor,Yes,337120
1487,819,1,2,1,2009,Countryside,Good,Yes,137191
1488,2524,7,4,2,2014,Industrial,Poor,Yes,199790
1489,1507,3,3,2,2019,Downtown,Good,No,311159
1490,2526,6,3,1,2013,Rural,Excellent,No,508585
1491,2136,4,4,2,1996,Suburban,Fair,Yes,417080
1492,965,3,3,1,1986,Countryside,Fair,No,186286
1493,1678,3,3,2,2014,Industrial,Good,Yes,328763
1494,1689,4,3,1,1990,Rural,Poor,Yes,261264
1495,1508,4,3,2,2005,Industrial,Poor,Yes,158277
1496,500,3,3,1,2004,Countryside,Poor,Yes,179636
1497,2441,4,2,2,1975,Industrial,Poor,Yes,225413
1498,1118,2,1,2,1969,Industrial,Fair,Yes,125496
1499,2191,3,3,2,1987,Mountain,Fair,Yes,443914
1500,2248,4,4,2,1994,Seaside,Fair,No,641458
1501,2311,3,3,2,2021,Suburban,Excellent,Yes,744249
1502,1899,4,2,2,1971,Rural,Poor,No,205427
1503,802,1,2,1,1998,Mountain,Fair,Yes,165220
1504,2265,4,2,3,2019,Suburban,Good,Yes,577041
1505,1465,4,3,1,2014,Downtown,Poor,Yes,407327
1506,2735,5,4,3,2023,Mountain,Good,No,693294
1507,1756,3,4,2,2005,Rural,Good,Yes,338256
1508,2303,4,3,3,1997,Downtown,Excellent,Yes,876262
1509,1538,5,5,2,2000,Rural,Good,Yes,268914
1510,1898,4,2,2,1985,Urban,Poor,Yes,343224
1511,1154,3,3,2,1995,Countryside,Excellent,Yes,373995
1512,978,1,1,2,2007,Suburban,Fair,Yes,198435
1513,1451,4,4,1,1978,Countryside,Good,No,281121
1514,3177,6,3,2,2010,Countryside,Fair,Yes,599423
1515,3006,6,4,3,2004,Seaside,Excellent,Yes,1181242
1516,1568,4,3,2,2012,Suburban,Fair,Yes,413725
1517,1355,3,3,2,2019,Suburban,Fair,Yes,379500
1518,640,1,1,3,1986,Industrial,Fair,Yes,91080
1519,1728,3,4,2,2017,Suburban,Good,Yes,536929
1520,1072,4,3,1,2025,Seaside,Excellent,Yes,299040
1521,1739,3,2,2,2012,Urban,Good,Yes,529748
1522,1313,4,4,2,2022,Rural,Fair,Yes,300689
1523,1687,3,3,2,1994,Suburban,Poor,Yes,286195
1524,1627,3,3,2,1987,Seaside,Poor,Yes,403749
1525,1032,4,3,2,1984,Downtown,Poor,Yes,246456
1526,2050,4,3,2,2022,Mountain,Good,No,428751
1527,2497,3,2,2,1989,Urban,Fair,Yes,599869
1528,1793,5,4,2,1980,Urban,Good,Yes,487146
1529,1906,4,2,2,2016,Suburban,Fair,Yes,361330
1530,1295,2,2,1,2021,Seaside,Poor,Yes,242977
1531,1216,2,2,1,2013,Rural,Poor,No,125233
1532,1971,3,3,2,2024,Suburban,Excellent,Yes,511467
1533,1782,4,2,1,1991,Rural,Fair,Yes,285654
1534,1753,4,4,1,2016,Downtown,Good,Yes,691708
1535,1760,3,4,1,2007,Industrial,Good,Yes,284682
1536,3469,6,4,2,1976,Industrial,Fair,Yes,452692
1537,1821,3,2,2,1980,Suburban,Poor,Yes,242743
1538,1433,3,3,1,1986,Industrial,Good,Yes,253999
1539,796,1,2,2,2012,Countryside,Good,Yes,182083
1540,2227,4,3,2,1988,Downtown,Fair,Yes,406681
1541,2009,4,3,2,1976,Countryside,Good,Yes,394714
1542,1471,2,2,1,2011,Urban,Excellent,Yes,511416
1543,2281,3,4,1,1990,Rural,Fair,Yes,395825
1544,663,1,1,2,1980,Industrial,Fair,Yes,92736
1545,2366,4,3,3,2013,Countryside,Excellent,Yes,580783
1546,1623,4,3,2,2023,Mountain,Poor,No,272501
1547,748,3,2,2,2008,Rural,Fair,Yes,202231
1548,2070,4,3,3,1997,Seaside,Fair,No,449725
1549,954,1,1,2,1986,Rural,Poor,Yes,113688
1550,1304,3,3,1,2015,Suburban,Poor,Yes,311283
1551,934,2,2,2,2015,Suburban,Good,Yes,300533
1552,1669,3,4,2,2011,Mountain,Poor,Yes,302113
1553,1898,3,3,2,2000,Countryside,Good,Yes,335470
1554,663,1,1,2,1987,Industrial,Fair,Yes,92736
1555,1811,5,5,2,1990,Seaside,Fair,Yes,731591
1556,2874,7,4,2,2006,Countryside,Fair,Yes,619119
1557,726,2,1,1,1976,Rural,Fair,Yes,142149
1558,1451,3,3,2,1982,Suburban,Poor,Yes,223203
1559,2026,3,2,2,1973,Downtown,Fair,Yes,400771
1560,1109,3,3,1,1958,Seaside,Fair,No,296866
1561,1932,4,4,2,2002,Industrial,Good,Yes,317884
1562,1666,3,3,1,2018,Mountain,Excellent,Yes,457303
1563,2532,4,3,2,1984,Industrial,Poor,No,273710
1564,1249,3,3,1,1984,Countryside,Excellent,Yes,372250
1565,2064,4,3,2,2024,Urban,Good,Yes,619178
1566,1030,2,1,2,1968,Rural,Poor,No,119160
1567,976,2,1,1,1969,Industrial,Fair,Yes,115272
1568,2368,3,4,2,2002,Mountain,Good,Yes,340095
1569,1755,4,3,2,1993,Industrial,Poor,Yes,188818
1570,2061,3,3,2,2007,Rural,Fair,Yes,380762
1571,2047,5,4,1,2014,Mountain,Excellent,No,522362
1572,2531,6,4,2,2011,Suburban,Good,Yes,759270
1573,2258,3,3,2,1962,Mountain,Good,No,426540
1574,1520,4,4,1,2025,Downtown,Good,No,474024
1575,2274,4,3,3,1993,Urban,Poor,Yes,316194
1576,500,2,1,1,2008,Urban,Good,Yes,222687
1577,2397,4,4,3,2009,Downtown,Fair,Yes,631064
1578,1124,3,3,2,2006,Countryside,Excellent,Yes,347549
1579,4389,7,4,2,1950,Seaside,Excellent,Yes,1472640
1580,797,1,2,1,1981,Rural,Fair,Yes,147649
1581,1898,5,4,2,1975,Suburban,Fair,Yes,423901
1582,500,3,3,1,2023,Mountain,Excellent,Yes,368145
1583,1721,5,4,2,2013,Mountain,Fair,No,355147
1584,1399,2,2,2,2016,Urban,Fair,Yes,252980
1585,1771,4,3,2,2009,Urban,Poor,Yes,309220
1586,1961,3,4,2,2017,Mountain,Poor,Yes,481723
1587,2227,3,3,2,1982,Seaside,Poor,Yes,460589
1588,1142,2,1,2,1978,Rural,Fair,Yes,127224
1589,1328,3,3,1,1969,Suburban,Poor,Yes,301610
1590,2429,5,3,3,1994,Mountain,Poor,Yes,419295
1591,1327,4,3,2,1998,Suburban,Good,Yes,329536
1592,2399,4,3,2,2017,Industrial,Fair,Yes,365353
1593,1290,2,2,2,1995,Countryside,Poor,Yes,151858
1594,2029,4,4,1,1990,Mountain,Good,No,551514
1595,2048,4,3,2,2021,Industrial,Fair,Yes,296814
1596,1494,2,2,2,1986,Suburban,Good,No,166108
1597,2104,3,3,1,2017,Mountain,Poor,Yes,444641
1598,1918,3,3,1,2019,Suburban,Good,Yes,476628
1599,2535,5,4,2,2008,Mountain,Fair,Yes,613194
1600,1300,4,3,2,1980,Mountain,Fair,Yes,347109
1601,2597,6,3,2,1974,Industrial,Fair,Yes,294935
1602,2541,4,2,2,1997,Rural,Fair,Yes,269922
1603,1134,4,3,1,2019,Industrial,Excellent,Yes,275117
1604,1806,4,2,2,2005,Downtown,Fair,Yes,407399
1605,2310,5,4,2,1966,Rural,Good,No,382186
1606,2208,3,3,2,1969,Downtown,Good,Yes,625723
1607,2315,5,3,2,1973,Suburban,Fair,Yes,458448
1608,1949,3,3,1,1997,Seaside,Fair,Yes,509390
1609,1337,3,3,1,2002,Mountain,Fair,Yes,419259
1610,1749,4,4,2,1960,Urban,Fair,No,368056
1611,1561,3,3,1,2003,Rural,Excellent,No,317816
1612,843,2,1,2,1970,Rural,Fair,Yes,105696
1613,2022,3,3,2,1981,Suburban,Poor,Yes,323594
1614,2159,4,3,2,2017,Suburban,Good,Yes,518240
1615,2597,6,4,1,2014,Mountain,Excellent,Yes,1093713
1616,2896,4,3,2,2017,Mountain,Good,No,427944
1617,1102,4,4,2,2000,Seaside,Good,No,390227
1618,1186,3,2,1,1982,Rural,Poor,Yes,188162
1619,1771,4,3,1,2024,Suburban,Excellent,Yes,520500
1620,1977,5,5,2,2010,Downtown,Excellent,No,854751
1621,1514,3,3,2,2018,Industrial,Fair,No,178448
1622,2235,3,3,3,1987,Downtown,Good,Yes,900462
1623,2583,5,5,2,1997,Downtown,Fair,Yes,625086
1624,1877,3,2,2,2006,Countryside,Good,Yes,346336
1625,1421,3,3,2,2014,Suburban,Good,No,268002
1626,1811,4,3,2,1993,Industrial,Fair,Yes,250348
1627,1659,5,4,2,1987,Industrial,Fair,Yes,323496
1628,500,1,1,2,2018,Suburban,Good,No,166182
1629,1910,3,2,1,2014,Downtown,Fair,Yes,470913
1630,1852,3,3,2,1993,Seaside,Good,No,461802
1631,2457,3,4,2,1985,Industrial,Fair,Yes,276515
1632,1965,4,3,1,2010,Urban,Good,Yes,472365
1633,1445,3,3,2,1980,Industrial,Poor,No,141648
1634,911,1,1,1,1984,Rural,Fair,Yes,110592
1635,2261,5,5,1,1982,Suburban,Poor,Yes,391670
1636,1865,3,2,2,1995,Industrial,Good,Yes,336681
1637,1700,4,3,1,2025,Rural,Good,Yes,289239
1638,1567,3,2,2,2014,Countryside,Poor,Yes,260481
1639,2231,3,3,3,1985,Seaside,Poor,Yes,425040
1640,1725,4,4,2,2010,Urban,Fair,No,457347
1641,1924,4,3,2,2005,Seaside,Good,Yes,689459
1642,2865,5,3,2,1987,Urban,Poor,Yes,494065
1643,744,3,3,2,1990,Seaside,Poor,Yes,254442
1644,1633,4,3,2,2016,Downtown,Good,Yes,628365
1645,1205,3,3,2,2016,Urban,Good,Yes,421198
1646,1436,3,3,2,2013,Suburban,Good,Yes,309705
1647,1050,3,3,2,1997,Countryside,Fair,Yes,206809
1648,1898,4,3,2,2004,Countryside,Good,Yes,376584
1649,2484,3,3,1,2011,Suburban,Fair,No,425460
1650,1285,3,2,2,1990,Downtown,Good,No,443729
1651,1626,5,4,1,2016,Urban,Fair,Yes,486190
1652,1794,3,4,1,1986,Industrial,Fair,Yes,261113
1653,1064,2,2,1,1982,Downtown,Poor,No,215240
1654,1051,2,1,2,1984,Industrial,Poor,Yes,120672
1655,1964,3,3,2,2013,Mountain,Good,Yes,499026
1656,617,1,1,2,1960,Rural,Fair,Yes,89424
1657,644,1,2,2,2017,Rural,Good,Yes,189661
1658,3188,5,4,2,2001,Countryside,Fair,Yes,510117
1659,2158,5,4,2,2004,Industrial,Fair,No,275546
1660,1138,3,4,1,2017,Downtown,Excellent,Yes,591749
1661,1492,2,2,2,1986,Seaside,Poor,Yes,281854
1662,2863,5,4,3,1983,Rural,Good,Yes,306336
1663,910,1,2,1,1983,Downtown,Good,Yes,313893
1664,2772,5,3,2,2023,Urban,Fair,Yes,619932
1665,1786,5,5,2,2012,Mountain,Excellent,Yes,722516
1666,1119,4,2,1,1994,Suburban,Fair,Yes,261790
1667,2651,7,3,3,2008,Rural,Fair,Yes,333071
1668,2150,3,3,2,2014,Seaside,Excellent,Yes,647629
1669,2805,4,3,2,2001,Urban,Poor,Yes,497253
1670,1016,4,3,1,2003,Urban,Excellent,No,439977
1671,2132,3,4,2,1967,Industrial,Good,Yes,243838
1672,1911,5,4,2,1986,Downtown,Good,Yes,733469
1673,773,1,2,1,2000,Countryside,Poor,No,130867
1674,2037,3,3,1,2002,Urban,Poor,Yes,367289
1675,2048,3,3,3,2010,Suburban,Poor,Yes,366388
1676,1594,3,3,1,1987,Downtown,Fair,Yes,347000
1677,1560,3,4,2,1961,Suburban,Fair,No,323967
1678,802,3,3,1,1978,Seaside,Fair,No,207019
1679,2005,5,5,2,2004,Mountain,Fair,Yes,460520
1680,1150,1,1,2,1988,Industrial,Fair,Yes,127800
1681,2630,4,2,2,1993,Mountain,Good,Yes,657945
1682,2340,4,3,1,1992,Mountain,Fair,Yes,434160
1683,1324,3,3,2,2024,Seaside,Good,Yes,621458
1684,2105,5,4,2,2008,Industrial,Good,Yes,383180
1685,1002,3,3,2,2014,Rural,Good,Yes,236425
1686,1699,5,3,2,1986,Suburban,Poor,Yes,335184
1687,2416,5,5,3,1952,Downtown,Poor,No,424136
1688,1817,4,3,2,1999,Industrial,Poor,Yes,198496
1689,2504,5,3,3,2005,Rural,Excellent,Yes,380151
1690,1381,4,4,1,1981,Rural,Fair,Yes,235238
1691,2220,5,4,1,2016,Rural,Fair,Yes,419567
1692,2395,5,4,1,1972,Rural,Poor,Yes,299769
1693,2583,5,4,2,2010,Mountain,Fair,Yes,520562
1694,884,1,2,1,2013,Countryside,Excellent,Yes,306195
1695,2109,4,3,2,2020,Seaside,Excellent,Yes,886787
1696,1495,3,4,2,1982,Downtown,Fair,No,425604
1697,2008,3,3,2,2007,Mountain,Good,Yes,502553
1698,1994,5,3,2,1996,Suburban,Fair,Yes,417719
1699,1878,4,3,2,1963,Urban,Fair,Yes,486020
1700,1048,2,1,1,2025,Mountain,Good,Yes,264678
1701,2152,3,3,2,2021,Industrial,Excellent,Yes,319779
1702,2130,4,3,2,2010,Mountain,Poor,No,283263
1703,1731,4,2,2,2011,Mountain,Excellent,Yes,589405
1704,961,3,3,1,2012,Industrial,Poor,No,89512
1705,1901,3,3,2,2019,Urban,Good,Yes,609683
1706,1901,3,3,1,2015,Rural,Good,Yes,281716
1707,1924,3,4,1,2013,Suburban,Fair,Yes,398149
1708,1277,2,2,1,1976,Rural,Poor,Yes,144415
1709,500,1,2,1,2012,Downtown,Good,Yes,242185
1710,1934,5,4,1,2019,Countryside,Good,Yes,395323
1711,1830,4,3,1,2002,Countryside,Excellent,Yes,370005
1712,3455,4,4,2,1984,Mountain,Fair,Yes,636640
1713,2045,3,3,3,2009,Mountain,Fair,Yes,436588
1714,1333,3,3,1,2019,Seaside,Good,No,417773
1715,2041,3,3,2,2012,Suburban,Fair,Yes,344945
1716,2295,4,3,2,2014,Seaside,Good,No,598796
1717,1577,3,4,2,2011,Rural,Good,No,274619
1718,2646,4,3,2,2018,Industrial,Good,No,273099
1719,1636,3,2,1,2002,Suburban,Excellent,No,525158
1720,1008,1,1,1,1975,Rural,Fair,Yes,117576
1721,1950,5,3,1,2020,Downtown,Good,No,515647
1722,2280,4,3,2,2022,Seaside,Good,Yes,855923
1723,1776,3,2,1,1996,Downtown,Fair,Yes,540511
1724,676,2,1,2,1986,Industrial,Poor,Yes,93672
1725,587,1,2,2,2006,Countryside,Fair,Yes,153586
1726,1413,3,3,2,1999,Suburban,Good,Yes,385316
1727,5724,6,6,1,2010,Seaside,Excellent,Yes,1839240
1728,1058,2,1,1,2010,Suburban,Fair,No,270566
1729,2577,4,3,2,2011,Urban,Good,No,648168
1730,2354,4,4,3,2005,Rural,Good,No,437059
1731,656,3,4,2,2002,Downtown,Good,Yes,274246
1732,1781,3,4,1,2003,Countryside,Fair,Yes,425199
1733,1269,4,3,2,2001,Urban,Fair,Yes,396001
1734,3203,6,4,2,2000,Urban,Fair,Yes,870416
1735,2280,3,3,3,1989,Seaside,Fair,Yes,467077
1736,2743,5,5,2,1981,Urban,Fair,Yes,709410
1737,2724,4,4,3,2016,Rural,Good,Yes,539133
1738,2038,3,4,2,2007,Rural,Poor,Yes,206395
1739,1997,3,3,2,2018,Rural,Good,Yes,465970
1740,2956,4,4,2,2022,Industrial,Good,Yes,432502
1741,2537,4,4,1,2018,Industrial,Good,Yes,508516
1742,1182,4,3,2,1988,Mountain,Poor,No,255947
1743,1781,4,3,1,2014,Suburban,Good,Yes,421049
1744,3261,5,3,3,2022,Mountain,Good,Yes,732201
1745,1944,4,3,2,1971,Suburban,Poor,Yes,349666
1746,2892,6,5,1,2025,Downtown,Good,Yes,734310
1747,2067,3,2,1,2009,Seaside,Good,Yes,422851
1748,1849,3,3,2,1996,Rural,Excellent,No,335002
1749,1976,3,3,2,2001,Mountain,Good,Yes,467189
1750,2124,4,3,3,2011,Countryside,Fair,Yes,353273
1751,1789,3,3,2,2001,Seaside,Good,No,400291
1752,1479,3,3,1,2010,Downtown,Fair,Yes,370822
1753,1990,3,2,1,2018,Seaside,Excellent,Yes,705743
1754,2094,4,3,1,1983,Downtown,Fair,Yes,560905
1755,1953,4,4,2,2022,Rural,Fair,Yes,309884
1756,3186,5,3,2,1963,Urban,Poor,Yes,476209
1757,2106,3,4,2,1992,Countryside,Fair,No,256242
1758,2078,3,3,2,1975,Downtown,Poor,Yes,401442
1759,1028,2,2,1,2002,Industrial,Fair,Yes,128108
1760,2567,6,4,2,1992,Downtown,Good,Yes,623417
1761,1157,3,4,1,2004,Seaside,Fair,Yes,448201
1762,1506,3,3,1,1980,Suburban,Poor,Yes,322575
1763,1412,2,2,1,1986,Urban,Excellent,Yes,425385
1764,1770,4,3,1,2001,Industrial,Good,Yes,281297
1765,1539,3,4,1,2018,Mountain,Excellent,Yes,436864
1766,1766,3,2,1,2024,Countryside,Fair,Yes,221132
1767,1696,3,3,1,1990,Seaside,Poor,Yes,406537
1768,1543,3,4,1,1986,Downtown,Fair,Yes,385399
1769,2651,5,3,2,1997,Mountain,Fair,Yes,589206
1770,947,2,2,1,2000,Suburban,Good,Yes,294928
1771,1575,3,3,2,2019,Urban,Good,Yes,539838
1772,1189,3,3,1,1972,Countryside,Excellent,Yes,276670
1773,2805,6,5,1,1950,Mountain,Good,Yes,739959
1774,1428,2,2,1,2018,Rural,Good,Yes,241746
1775,1975,4,4,2,2003,Industrial,Fair,Yes,277137
1776,2549,4,3,2,2023,Industrial,Excellent,Yes,550318
1777,1985,3,4,2,1999,Suburban,Fair,Yes,515958
1778,2092,3,3,2,1990,Mountain,Good,Yes,468915
1779,3174,6,5,3,1996,Urban,Excellent,Yes,1136432
1780,1534,5,5,2,2006,Suburban,Poor,Yes,394029
1781,1162,1,1,3,1984,Rural,Fair,Yes,128664
1782,1645,3,2,2,2025,Mountain,Excellent,Yes,631435
1783,2008,5,3,2,2011,Rural,Good,Yes,434422
1784,757,1,2,1,2006,Seaside,Good,Yes,262324
1785,1389,3,3,1,1982,Downtown,Fair,Yes,448946
1786,1532,4,3,2,1989,Urban,Poor,No,391087
1787,1135,3,3,1,2019,Seaside,Good,Yes,484556
1788,2064,3,4,2,1977,Rural,Fair,Yes,251990
1789,983,3,4,1,1976,Industrial,Excellent,Yes,224213
1790,2109,3,2,3,2012,Mountain,Good,Yes,549254
1791,1767,3,3,2,2008,Mountain,Poor,No,294277
1792,1042,3,4,1,1993,Industrial,Good,No,199740
1793,940,2,1,2,2020,Downtown,Good,No,421903
1794,1125,2,2,2,1996,Countryside,Poor,No,172941
1795,2890,4,3,2,2015,Mountain,Fair,Yes,628201
1796,1035,3,3,1,1999,Urban,Excellent,Yes,468541
1797,500,1,2,1,2012,Seaside,Excellent,Yes,287932
1798,2528,4,3,2,2023,Suburban,Excellent,Yes,924915
1799,1598,3,3,1,2012,Downtown,Fair,Yes,473163
1800,2321,5,5,1,2010,Countryside,Good,Yes,509178
1801,2756,6,3,2,2000,Suburban,Good,Yes,549793
1802,1086,3,3,1,2011,Mountain,Good,Yes,306060
1803,2854,5,4,2,2021,Countryside,Good,Yes,621850
1804,1828,5,4,2,2020,Rural,Excellent,Yes,399431
1805,2097,5,4,1,1956,Industrial,Good,Yes,261387
1806,1359,4,2,1,2010,Urban,Good,Yes,503268
1807,989,1,2,1,1992,Industrial,Fair,Yes,168066
1808,2040,5,4,2,2010,Industrial,Fair,Yes,310022
1809,2120,5,5,3,2014,Suburban,Good,Yes,459487
1810,2457,4,2,2,2006,Downtown,Excellent,Yes,828989
1811,1763,3,3,1,1950,Urban,Fair,Yes,392532
1812,2783,4,2,2,2010,Industrial,Poor,No,228287
1813,2021,3,3,2,2017,Mountain,Excellent,Yes,652144
1814,2577,7,4,3,1999,Rural,Poor,Yes,301152
1815,1498,3,2,1,1982,Countryside,Good,Yes,357326
1816,1195,3,2,1,2013,Downtown,Poor,Yes,296526
1817,4493,7,5,2,2003,Downtown,Excellent,Yes,1525680
1818,749,2,1,1,1993,Mountain,Good,Yes,190977
1819,1789,5,4,2,2012,Rural,Good,Yes,291674
1820,2027,4,3,2,2022,Urban,Good,Yes,628780
1821,2990,4,3,2,2007,Urban,Good,No,694634
1822,3153,5,5,3,2021,Mountain,Good,Yes,680843
1823,1397,3,2,2,2017,Seaside,Fair,Yes,375046
1824,1546,4,3,2,1982,Urban,Fair,No,419506
1825,2271,3,4,1,2011,Seaside,Excellent,No,566225
1826,2262,5,4,2,1974,Suburban,Fair,No,555340
1827,1320,3,3,2,1965,Countryside,Poor,Yes,141066
1828,781,1,1,1,1977,Rural,Fair,Yes,101232
1829,1711,3,2,1,2019,Suburban,Good,No,321892
1830,1368,4,3,2,2006,Suburban,Poor,No,244742
1831,3026,5,5,3,2003,Industrial,Fair,Yes,329807
1832,1102,3,4,1,2006,Seaside,Poor,No,226302
1833,2221,3,2,2,2010,Downtown,Excellent,Yes,926847
1834,873,2,1,1,2025,Downtown,Good,No,230141
1835,1791,3,2,1,1982,Countryside,Good,No,256640
1836,1701,3,3,1,2018,Downtown,Good,Yes,499111
1837,3239,7,3,2,1984,Seaside,Poor,Yes,672173
1838,1514,4,2,2,1991,Industrial,Fair,No,163815
1839,1527,5,3,1,1967,Urban,Fair,No,409052
1840,3246,5,5,3,1992,Urban,Fair,Yes,794254
1841,1859,3,3,2,2025,Rural,Good,No,305859
1842,500,2,1,1,1986,Downtown,Fair,Yes,164332
1843,1863,5,4,2,2003,Seaside,Poor,Yes,478724
1844,1548,4,3,1,1958,Countryside,Fair,Yes,289316
1845,2431,4,3,3,2003,Urban,Good,No,546566
1846,1453,2,2,2,2006,Industrial,Excellent,No,224431
1847,3480,4,3,2,2014,Suburban,Excellent,Yes,946636
1848,1890,4,3,2,2002,Downtown,Good,Yes,764884
1849,1040,3,3,1,1999,Urban,Good,No,421935
1850,1534,3,3,2,2013,Seaside,Good,Yes,532607
1851,2433,3,3,2,2011,Suburban,Excellent,Yes,596112
1852,1242,3,3,1,2008,Suburban,Excellent,No,338102
1853,1540,4,3,2,2020,Rural,Excellent,Yes,532098
1854,1436,3,4,1,1988,Suburban,Good,No,256729
1855,3271,4,3,3,2018,Countryside,Fair,Yes,576429
1856,2152,4,4,1,1975,Seaside,Poor,Yes,389869
1857,1466,4,3,1,2002,Mountain,Fair,Yes,406402
1858,1696,4,3,2,1996,Urban,Fair,Yes,566456
1859,2272,4,4,3,2009,Suburban,Excellent,No,526120
1860,2084,4,3,2,1984,Suburban,Fair,Yes,412979
1861,2576,6,5,2,1967,Countryside,Fair,Yes,328755
1862,865,1,1,1,2004,Urban,Good,No,261716
1863,1987,5,4,2,2012,Suburban,Excellent,Yes,671431
1864,2107,4,3,2,2005,Downtown,Good,No,629142
1865,1881,3,2,2,1973,Industrial,Poor,No,126260
1866,677,2,1,2,1967,Industrial,Poor,Yes,93744
1867,1974,4,3,2,2016,Industrial,Excellent,Yes,406261
1868,1749,4,3,2,2000,Mountain,Good,Yes,512929
1869,1473,3,3,1,2001,Industrial,Good,Yes,277351
1870,1351,2,2,2,2006,Rural,Good,Yes,258578
1871,915,1,2,2,2013,Rural,Good,Yes,187164
1872,2353,5,5,2,2015,Industrial,Poor,No,191654
1873,2401,3,3,3,2018,Countryside,Good,Yes,551108
1874,1668,5,3,2,2006,Downtown,Good,No,387534
1875,500,1,2,2,2010,Suburban,Good,Yes,184466
1876,1811,4,4,1,1983,Seaside,Fair,Yes,542862
1877,1695,3,3,2,2004,Mountain,Excellent,Yes,462626
1878,2154,5,4,3,2009,Suburban,Poor,Yes,481574
1879,1053,2,2,2,2008,Mountain,Good,Yes,329671
1880,1370,3,3,2,2007,Rural,Fair,No,176200
1881,3774,6,4,2,2020,Seaside,Excellent,Yes,1280240
1882,1526,3,3,2,1995,Seaside,Fair,No,340561
1883,3325,4,3,2,2005,Mountain,Fair,Yes,503579
1884,2668,5,4,1,1964,Downtown,Fair,Yes,857804
1885,1898,5,4,2,1978,Industrial,Fair,No,242999
1886,2590,6,4,2,2014,Industrial,Poor,Yes,258813
1887,2308,5,4,2,2004,Downtown,Fair,No,510489
1888,1955,4,4,2,1998,Seaside,Fair,No,347811
1889,1886,4,4,2,1980,Urban,Poor,No,299084
1890,1506,4,3,1,2025,Mountain,Fair,Yes,582042
1891,2222,3,4,2,2005,Countryside,Fair,Yes,386337
1892,2105,3,4,2,1993,Urban,Fair,Yes,560386
1893,2664,6,3,2,2023,Rural,Excellent,Yes,604520
1894,1966,5,4,2,2003,Countryside,Poor,No,190774
1895,792,1,1,2,1963,Industrial,Fair,Yes,102024
1896,500,2,2,1,1982,Suburban,Fair,Yes,156387
1897,1889,3,4,2,2006,Downtown,Fair,Yes,402351
1898,2482,3,2,2,1986,Countryside,Excellent,Yes,526987
1899,2371,4,3,3,2007,Seaside,Excellent,Yes,917604
1900,1184,2,1,2,2006,Downtown,Excellent,Yes,395758
1901,1413,4,3,2,1992,Suburban,Fair,Yes,395356
1902,1860,3,2,2,1997,Countryside,Fair,Yes,321021
1903,1462,3,3,2,2024,Suburban,Excellent,Yes,628739
1904,1220,2,2,2,1972,Urban,Fair,Yes,269821
1905,1623,3,3,1,2015,Suburban,Fair,Yes,302115
1906,3076,7,4,3,2019,Industrial,Excellent,Yes,647928
1907,2007,3,3,2,1980,Downtown,Fair,Yes,420318
1908,1274,2,2,1,2006,Suburban,Good,Yes,289029
1909,1265,3,3,2,2014,Rural,Poor,Yes,194812
1910,2011,4,3,2,1982,Seaside,Poor,Yes,374878
1911,2163,5,3,2,2001,Mountain,Good,Yes,636668
1912,1442,3,3,2,2017,Downtown,Good,Yes,471128
1913,2065,3,3,2,2018,Mountain,Good,Yes,403059
1914,761,1,1,2,1968,Rural,Fair,Yes,99792
1915,1420,3,3,1,2012,Seaside,Fair,Yes,472394
1916,1677,3,3,1,1964,Suburban,Fair,No,214549
1917,2735,4,2,3,1971,Rural,Good,Yes,279626
1918,1655,4,4,2,2000,Urban,Good,Yes,614758
1919,2308,4,3,1,2008,Mountain,Good,No,530609
1920,1895,4,3,2,1985,Mountain,Poor,No,328612
1921,2344,4,3,2,2010,Downtown,Fair,Yes,702650
1922,3144,4,3,3,2002,Countryside,Fair,Yes,466540
1923,2201,4,3,2,2021,Suburban,Fair,Yes,423863
1924,1381,4,2,2,2009,Urban,Fair,Yes,318011
1925,2367,3,3,2,2014,Downtown,Good,Yes,781597
1926,1245,3,2,2,1981,Industrial,Excellent,Yes,296443
1927,1180,4,3,2,1971,Industrial,Fair,Yes,196748
1928,1665,4,3,1,1999,Mountain,Poor,No,329316
1929,500,2,2,2,1984,Suburban,Good,No,191082
1930,1830,3,3,1,2014,Mountain,Excellent,Yes,416464
1931,500,2,2,2,2005,Industrial,Good,Yes,129663
1932,600,2,2,1,2000,Industrial,Excellent,Yes,162924
1933,1246,3,3,2,1999,Countryside,Fair,No,221654
1934,500,1,1,2,1998,Countryside,Poor,No,89479
1935,2552,5,4,2,1996,Industrial,Fair,Yes,300246
1936,1011,1,1,2,1982,Industrial,Poor,Yes,117792
1937,2689,6,5,3,1953,Mountain,Poor,Yes,293684
1938,2517,5,4,2,2016,Urban,Fair,No,507801
1939,1910,4,3,2,1983,Urban,Poor,No,298926
1940,976,1,2,1,2001,Rural,Excellent,Yes,251747
1941,3030,5,5,2,2006,Urban,Good,No,869749
1942,1827,4,3,2,2009,Downtown,Good,Yes,615120
1943,1980,4,3,2,2002,Suburban,Good,Yes,328857
1944,1429,3,3,2,1998,Countryside,Excellent,Yes,318321
1945,1206,3,4,2,2008,Countryside,Excellent,Yes,349611
1946,2180,5,3,2,1979,Suburban,Good,Yes,543039
1947,1805,3,2,2,1994,Countryside,Good,Yes,440472
1948,1578,5,4,2,2017,Downtown,Fair,Yes,565954
1949,2078,3,3,1,2004,Suburban,Fair,Yes,445227
1950,1983,4,3,1,2013,Urban,Good,Yes,584087
1951,1135,3,4,1,1963,Suburban,Good,No,195382
1952,1413,3,4,2,2001,Industrial,Good,Yes,225577
1953,3088,5,4,2,1983,Downtown,Good,Yes,786938
1954,1124,2,2,1,1968,Downtown,Good,Yes,352459
1955,2036,5,3,2,1971,Seaside,Fair,Yes,395415
1956,1959,4,4,1,2014,Industrial,Poor,Yes,218647
1957,670,2,1,2,1979,Rural,Fair,No,93240
1958,5786,7,6,2,2023,Downtown,Excellent,Yes,1887860
1959,1354,2,2,1,1971,Suburban,Excellent,No,363109
1960,972,2,1,1,1976,Rural,Fair,No,114984
1961,2056,5,4,2,1996,Rural,Good,No,304827
1962,1543,3,3,2,1980,Countryside,Good,Yes,304883
1963,1880,4,3,2,1984,Mountain,Fair,Yes,354256
1964,2919,5,5,2,2015,Suburban,Good,No,616030
1965,1550,5,3,1,1997,Downtown,Excellent,No,564058
1966,1146,3,3,1,2009,Rural,Fair,Yes,179663
1967,1486,3,2,1,1958,Seaside,Poor,No,287639
1968,1523,4,3,1,2006,Industrial,Good,Yes,255686
1969,2576,4,3,2,1957,Countryside,Good,Yes,390280
1970,1637,3,3,2,1985,Downtown,Good,No,469788
1971,1772,4,3,2,2024,Suburban,Excellent,Yes,545615
1972,3095,5,3,2,2010,Seaside,Good,Yes,832906
1973,1733,4,2,2,2009,Downtown,Good,Yes,553782
1974,3067,5,3,3,1983,Downtown,Poor,Yes,612540
1975,1073,2,1,1,2001,Seaside,Fair,Yes,320045
1976,4707,7,4,2,2025,Downtown,Excellent,Yes,1555320
1977,503,1,2,2,2025,Seaside,Excellent,No,266138
1978,1941,3,3,1,2022,Mountain,Fair,Yes,340276
1979,2038,3,2,2,2004,Countryside,Good,Yes,358388
1980,1227,2,1,1,2002,Downtown,Fair,Yes,324096
1981,2340,4,3,1,2005,Seaside,Excellent,Yes,725547
1982,1435,3,3,2,2022,Mountain,Excellent,Yes,520138
1983,1829,3,2,1,2020,Rural,Poor,Yes,263910
1984,2278,5,3,1,2022,Countryside,Excellent,No,471439
1985,1125,2,1,1,1965,Industrial,Fair,No,126000
1986,1356,3,3,2,1971,Urban,Good,No,405863
1987,682,2,1,3,1964,Rural,Poor,Yes,94104
1988,1988,3,2,2,2019,Seaside,Good,Yes,531455
1989,836,2,2,1,1997,Urban,Good,Yes,276988
1990,1272,2,2,2,1973,Urban,Fair,Yes,273521
1991,1461,3,3,1,2005,Urban,Good,Yes,473589
1992,1270,3,2,1,1951,Countryside,Good,Yes,251849
1993,2229,3,3,2,2008,Urban,Fair,Yes,491327
1994,2673,5,3,2,2021,Urban,Good,Yes,944734
1995,1878,3,3,2,2016,Countryside,Poor,Yes,301032
1996,2159,3,2,2,1991,Countryside,Fair,No,274937
1997,2712,6,4,2,2009,Urban,Fair,Yes,642829
1998,1787,5,4,2,1985,Industrial,Good,Yes,282036
1999,2334,3,2,3,1981,Suburban,Fair,Yes,456317
2000,2095,3,3,2,2011,Countryside,Poor,No,275868
